Entry,Entry Name,Protein names,Gene Names,Organism,Length,Sequence,Intramembrane,Subcellular location [CC],Topological domain,Transmembrane
P02945,BACR_HALSA,Bacteriorhodopsin (BR) (Bacterioopsin) (BO),bop VNG_1467G,Halobacterium salinarum (strain ATCC 700922 / JCM 11081 / NRC-1) (Halobacterium halobium),262,MLELLPTAVEGVSQAQITGRPEWIWLALGTALMGLGTLYFLVKGMGVSDPDAKKFYAITTLVPAIAFTMYLSMLLGYGLTMVPFGGEQNPIYWARYADWLFTTPLLLLDLALLVDADQGTILALVGADGIMIGTGLVGALTKVYSYRFVWWAISTAAMLYILYVLFFGFTSKAESMRPEVASTFKVLRNVTVVLWSAYPVVWLIGSEGAGIVPLNIETLLFMVLDVSAKVGFGLILLRSRAIFGEAEAPEPSAGDGAAATSD,,"SUBCELLULAR LOCATION: Cell membrane {ECO:0000269|PubMed:6706999}; Multi-pass membrane protein {ECO:0000269|PubMed:10452895, ECO:0000269|PubMed:10467143, ECO:0000269|PubMed:10548112, ECO:0000269|PubMed:10903866, ECO:0000269|PubMed:10949309, ECO:0000269|PubMed:11829498, ECO:0000269|PubMed:2614846, ECO:0000269|PubMed:28008064, ECO:0000269|PubMed:6706999, ECO:0000269|PubMed:9287223, ECO:0000269|PubMed:9632391, ECO:0000269|PubMed:9751724}.","TOPO_DOM 14..22; /note=""Extracellular""; /evidence=""ECO:0000269|PubMed:10452895, ECO:0000269|PubMed:28008064, ECO:0007744|PDB:1C3W""; TOPO_DOM 43..56; /note=""Cytoplasmic""; /evidence=""ECO:0000269|PubMed:10452895, ECO:0000269|PubMed:28008064, ECO:0007744|PDB:1C3W""; TOPO_DOM 76..92; /note=""Extracellular""; /evidence=""ECO:0000269|PubMed:10452895, ECO:0000269|PubMed:28008064, ECO:0007744|PDB:1C3W""; TOPO_DOM 110..120; /note=""Cytoplasmic""; /evidence=""ECO:0000269|PubMed:10452895, ECO:0000269|PubMed:28008064, ECO:0007744|PDB:1C3W""; TOPO_DOM 141..147; /note=""Extracellular""; /evidence=""ECO:0000269|PubMed:10452895, ECO:0000269|PubMed:28008064, ECO:0007744|PDB:1C3W""; TOPO_DOM 168..185; /note=""Cytoplasmic""; /evidence=""ECO:0000269|PubMed:10452895, ECO:0000269|PubMed:28008064, ECO:0007744|PDB:1C3W""; TOPO_DOM 205..216; /note=""Extracellular""; /evidence=""ECO:0000269|PubMed:10452895, ECO:0000269|PubMed:28008064, ECO:0007744|PDB:1C3W""; TOPO_DOM 237..262; /note=""Cytoplasmic""; /evidence=""ECO:0000269|PubMed:10452895, ECO:0000269|PubMed:28008064, ECO:0007744|PDB:1C3W""","TRANSMEM 23..42; /note=""Helical; Name=Helix A""; /evidence=""ECO:0000269|PubMed:10452895, ECO:0000269|PubMed:28008064, ECO:0007744|PDB:1C3W""; TRANSMEM 57..75; /note=""Helical; Name=Helix B""; /evidence=""ECO:0000269|PubMed:10452895, ECO:0000269|PubMed:28008064, ECO:0007744|PDB:1C3W""; TRANSMEM 93..109; /note=""Helical; Name=Helix C""; /evidence=""ECO:0000269|PubMed:10452895, ECO:0000269|PubMed:28008064, ECO:0007744|PDB:1C3W""; TRANSMEM 121..140; /note=""Helical; Name=Helix D""; /evidence=""ECO:0000269|PubMed:10452895, ECO:0000269|PubMed:28008064, ECO:0007744|PDB:1C3W""; TRANSMEM 148..167; /note=""Helical; Name=Helix E""; /evidence=""ECO:0000269|PubMed:10452895, ECO:0000269|PubMed:28008064, ECO:0007744|PDB:1C3W""; TRANSMEM 186..204; /note=""Helical; Name=Helix F""; /evidence=""ECO:0000269|PubMed:10452895, ECO:0000269|PubMed:28008064, ECO:0007744|PDB:1C3W""; TRANSMEM 217..236; /note=""Helical; Name=Helix G""; /evidence=""ECO:0000269|PubMed:10452895, ECO:0000269|PubMed:28008064, ECO:0007744|PDB:1C3W"""
B0R2U4,BACH_HALS3,Halorhodopsin (HR),hop OE_1299R,Halobacterium salinarum (strain ATCC 29341 / DSM 671 / R1),274,MSITSVPGVVDAGVLGAQSAAAVRENALLSSSLWVNVALAGIAILVFVYMGRTIRPGRPRLIWGATLMIPLVSISSYLGLLSGLTVGMIEMPAGHALAGEMVRSQWGRYLTWALSTPMILLALGLLADVDLGSLFTVIAADIGMCVTGLAAAMTTSALLFRWAFYAISCAFFVVVLSALVTDWAASASSAGTAEIFDTLRVLTVVLWLGYPIVWAVGVEGLALVQSVGVTSWAYSVLDVFAKYVFAFILLRWVANNERTVAVAGQTLGTMSSDD,,"SUBCELLULAR LOCATION: Cell membrane {ECO:0000269|PubMed:10827943, ECO:0000269|PubMed:24409552}; Multi-pass membrane protein {ECO:0000269|PubMed:10827943, ECO:0000269|PubMed:24409552}.","TOPO_DOM 22..25; /note=""Extracellular""; /evidence=""ECO:0000269|PubMed:10827943""; TOPO_DOM 52..57; /note=""Cytoplasmic""; /evidence=""ECO:0000269|PubMed:10827943""; TOPO_DOM 82..105; /note=""Extracellular""; /evidence=""ECO:0000269|PubMed:10827943""; TOPO_DOM 128..130; /note=""Cytoplasmic""; /evidence=""ECO:0000269|PubMed:10827943""; TOPO_DOM 155..157; /note=""Extracellular""; /evidence=""ECO:0000269|PubMed:10827943""; TOPO_DOM 181..192; /note=""Cytoplasmic""; /evidence=""ECO:0000269|PubMed:10827943""; TOPO_DOM 217..226; /note=""Extracellular""; /evidence=""ECO:0000269|PubMed:10827943""; TOPO_DOM 256..274; /note=""Cytoplasmic""; /evidence=""ECO:0000269|PubMed:10827943""","TRANSMEM 26..51; /note=""Helical; Name=Helix A""; TRANSMEM 58..81; /note=""Helical; Name=Helix B""; TRANSMEM 106..127; /note=""Helical; Name=Helix C""; TRANSMEM 131..154; /note=""Helical; Name=Helix D""; TRANSMEM 158..180; /note=""Helical; Name=Helix E""; TRANSMEM 193..216; /note=""Helical; Name=Helix F""; TRANSMEM 227..255; /note=""Helical; Name=Helix G"""
B0R367,MPCT_HALS3,Transducer protein MpcT (Membrane potential change transducer protein),mpcT htr14 OE_1536R,Halobacterium salinarum (strain ATCC 29341 / DSM 671 / R1),627,MNITQAYKRSLWWSMDMVGATGSVERKMLTAVGLQFLAAGGMAFLTVFTAGTVQLIGVGGMLALSVVAFYNTYLIAEADFVEPLVALEDAADDIAAGEFERADIPSSKRDDEIASLVASFDGMQSNLEVASRQADALARQAFDDPALDESVPGAFGESITEMADSLEAYTAELEDKTAELEHQQAELERQSEQLRALVDALSEATDAARAGDLTATVDAAALDVTDDHRAAVEDFNQLLETLADTISDIQSFSDAVLAVSRTTDERVDAVADRSAAVSESVTEIADGANQQTNQLNNIAAEMDTVSATVEEIAASANDVAKTAQAAADRGEDGRGEVEETIEALRALREQSQAVAETVESLAAEVERIDGITALIEDIAEETNMLALNASIEAARTGSDGDGFAVVADEVKDLAEETREQAADISEIVDAVTEKAEDASIAIGEVDAEVERKITKAEGVLRDFEAIVDEVANVNHAVQEISDATDQGAQSVTDVVGMVEEVASVSEETAAESDTVADNAAEQTDATDEVADQMDELAEQTAALAGMLDDFTVPADAGTADQSVADDSPTAQPPAADDEPAAAVVDQPQPASDAEDEEGVPDSGGESVAVSDGGWADDRSSFTWADSQ,,SUBCELLULAR LOCATION: Cell membrane {ECO:0000305|PubMed:15752193}; Multi-pass membrane protein {ECO:0000305|PubMed:15752193}.,,"TRANSMEM 28..48; /note=""Helical""; /evidence=""ECO:0000255""; TRANSMEM 55..75; /note=""Helical""; /evidence=""ECO:0000255"""
B0R753,CRTY_HALS3,Lycopene beta-cyclase (EC 5.5.1.19),crtY OE_3983R,Halobacterium salinarum (strain ATCC 29341 / DSM 671 / R1),237,MTTSYLTFLAVAVGPPLVALGVVRAARWDGDRARAAGVGILLALALSYTTPWDNYLIATGVWWYGEGTVVGRLWQMPIEEYLFVITQTLLTGLWVQALPLRPTAGFSPTRRDAVLGALAGVLVGCGGAVLLTVDATFYIGAIIAWAAPVLALQWAVGWRYLWRRRRVFAAAVLVPTLFLSAADRYAIADGIWILAGQYTTGITVLGLPIEEGAFFFVTNVFVSQGLILYAWVLARWR,,SUBCELLULAR LOCATION: Cell membrane {ECO:0000305}; Multi-pass membrane protein {ECO:0000305}.,,"TRANSMEM 3..23; /note=""Helical""; /evidence=""ECO:0000255""; TRANSMEM 38..58; /note=""Helical""; /evidence=""ECO:0000255""; TRANSMEM 80..100; /note=""Helical""; /evidence=""ECO:0000255""; TRANSMEM 113..133; /note=""Helical""; /evidence=""ECO:0000255""; TRANSMEM 137..157; /note=""Helical""; /evidence=""ECO:0000255""; TRANSMEM 170..192; /note=""Helical""; /evidence=""ECO:0000255""; TRANSMEM 213..233; /note=""Helical""; /evidence=""ECO:0000255"""
Q9HNE6,BLH_HALSA,"Probable beta-carotene 15,15'-dioxygenase Blh (EC 1.13.11.63) (Brp-like homolog)",blh VNG_2136G,Halobacterium salinarum (strain ATCC 700922 / JCM 11081 / NRC-1) (Halobacterium halobium),345,MGASPVALTPLTARARRTLARPALALGWVAISIAALPAITGVSLSPTARYAPLVASAVVFGMPHGAIDYLALPRAVTGTVTVRWLAVVGVLYLVLGGGYAAAWFFAPVPAAFAFVAITWLHWGQGDLYPLLDFLDVDYLDTRPRRAATVLIRGGLPMLVPLLGFPERYRSVVDAFAAPFGGSVGDLAVFDPRVRLWLGVAFAAATVAVLAAGRRRTHSPGAWRVDAAETLLLWVFFFVVPPVFAVGVYFCVWHSVRHVARAIAVDGSVHPSLRAGDILGPLARFGVEAAPMTAAALALGGVLWWAVPNPPTTLESGAALYLVLIAVLTLPHVAVVTWMDRVQGVL,,"SUBCELLULAR LOCATION: Cell membrane {ECO:0000255|HAMAP-Rule:MF_02093, ECO:0000305}; Multi-pass membrane protein {ECO:0000255|HAMAP-Rule:MF_02093, ECO:0000305}.",,"TRANSMEM 24..44; /note=""Helical""; /evidence=""ECO:0000255|HAMAP-Rule:MF_02093""; TRANSMEM 52..72; /note=""Helical""; /evidence=""ECO:0000255|HAMAP-Rule:MF_02093""; TRANSMEM 85..105; /note=""Helical""; /evidence=""ECO:0000255|HAMAP-Rule:MF_02093""; TRANSMEM 111..131; /note=""Helical""; /evidence=""ECO:0000255|HAMAP-Rule:MF_02093""; TRANSMEM 146..166; /note=""Helical""; /evidence=""ECO:0000255|HAMAP-Rule:MF_02093""; TRANSMEM 171..191; /note=""Helical""; /evidence=""ECO:0000255|HAMAP-Rule:MF_02093""; TRANSMEM 192..212; /note=""Helical""; /evidence=""ECO:0000255|HAMAP-Rule:MF_02093""; TRANSMEM 231..251; /note=""Helical""; /evidence=""ECO:0000255|HAMAP-Rule:MF_02093""; TRANSMEM 286..306; /note=""Helical""; /evidence=""ECO:0000255|HAMAP-Rule:MF_02093""; TRANSMEM 318..338; /note=""Helical""; /evidence=""ECO:0000255|HAMAP-Rule:MF_02093"""
Q9HPU7,BRP_HALSA,"Probable beta-carotene 15,15'-dioxygenase Brp (EC 1.13.11.63) (Bacteriorhodopsin-related protein)",brp VNG_1465G,Halobacterium salinarum (strain ATCC 700922 / JCM 11081 / NRC-1) (Halobacterium halobium),359,MSNRSQFVPSWLVPEAAGDLPLTVSRLSLLALAAAFAVGYGAGFAVPLEVQAGVYLLGMVAMNLPHGGYEHFENLRRRAASFQGKYIVAYLVGIAAFGALFFVAPVAGLGLAVTVAVAKGGFGGVQSMDALYGTDHLRTRPQRWLAAVVRGGAVMVVPMLFWTDVFYAFSSVMISIFDPSAVSALGGDIATRRLVLGGGYGALVVAHLGLGYRRAAGTGSFLADAAETLLLIAYFALVPVVIAVGLYFPLWYSARQVARSSAVDDTAMTQADATGMLDALDADDPARATLASWAVLIVGSVATFGLAAVLWLLSPQPLGGGGILVGLVAFWSIFVSIIALPHVVVGGWLDRTRGIWYVP,,"SUBCELLULAR LOCATION: Cell membrane {ECO:0000255|HAMAP-Rule:MF_02093, ECO:0000305}; Multi-pass membrane protein {ECO:0000255|HAMAP-Rule:MF_02093, ECO:0000305}.",,"TRANSMEM 27..47; /note=""Helical""; /evidence=""ECO:0000255|HAMAP-Rule:MF_02093""; TRANSMEM 48..68; /note=""Helical""; /evidence=""ECO:0000255|HAMAP-Rule:MF_02093""; TRANSMEM 87..107; /note=""Helical""; /evidence=""ECO:0000255|HAMAP-Rule:MF_02093""; TRANSMEM 108..128; /note=""Helical""; /evidence=""ECO:0000255|HAMAP-Rule:MF_02093""; TRANSMEM 154..174; /note=""Helical""; /evidence=""ECO:0000255|HAMAP-Rule:MF_02093""; TRANSMEM 194..216; /note=""Helical""; /evidence=""ECO:0000255|HAMAP-Rule:MF_02093""; TRANSMEM 229..249; /note=""Helical""; /evidence=""ECO:0000255|HAMAP-Rule:MF_02093""; TRANSMEM 293..313; /note=""Helical""; /evidence=""ECO:0000255|HAMAP-Rule:MF_02093""; TRANSMEM 320..340; /note=""Helical""; /evidence=""ECO:0000255|HAMAP-Rule:MF_02093"""
B0R5N7,BRP_HALS3,"Probable beta-carotene 15,15'-dioxygenase Brp (EC 1.13.11.63) (Bacteriorhodopsin-related protein)",brp OE_3102R,Halobacterium salinarum (strain ATCC 29341 / DSM 671 / R1),359,MSNRSQFVPSWLVPEAAGDLPLTVSRLSLLALAAAFAVGYGAGFAVPLEVQAGVYLLGMVAMNLPHGGYEHFENLRRRAASFQGKYIVAYLVGIAAFGALFFVAPVAGLGLAVTVAVAKGGFGGVQSMDALYGTDHLRTRPQRWLAAVVRGGAVMVVPMLFWTDVFYAFSSVMISIFDPSAVSALGGDIATRRLVLGGGYGALVVAHLGLGYRRAAGTGSFLADAAETLLLIAYFALVPVVIAVGLYFPLWYSARQVARSSAVDDTAMTQADATGMLDALDADDPARATLASWAVLIVGSVATFGLAAVLWLLSPQPLGGGGILVGLVAFWSIFVSIIALPHVVVGGWLDRTRGIWYVP,,"SUBCELLULAR LOCATION: Cell membrane {ECO:0000255|HAMAP-Rule:MF_02093, ECO:0000305}; Multi-pass membrane protein {ECO:0000255|HAMAP-Rule:MF_02093, ECO:0000305}.",,"TRANSMEM 27..47; /note=""Helical""; /evidence=""ECO:0000255|HAMAP-Rule:MF_02093""; TRANSMEM 48..68; /note=""Helical""; /evidence=""ECO:0000255|HAMAP-Rule:MF_02093""; TRANSMEM 87..107; /note=""Helical""; /evidence=""ECO:0000255|HAMAP-Rule:MF_02093""; TRANSMEM 108..128; /note=""Helical""; /evidence=""ECO:0000255|HAMAP-Rule:MF_02093""; TRANSMEM 154..174; /note=""Helical""; /evidence=""ECO:0000255|HAMAP-Rule:MF_02093""; TRANSMEM 194..216; /note=""Helical""; /evidence=""ECO:0000255|HAMAP-Rule:MF_02093""; TRANSMEM 229..249; /note=""Helical""; /evidence=""ECO:0000255|HAMAP-Rule:MF_02093""; TRANSMEM 293..313; /note=""Helical""; /evidence=""ECO:0000255|HAMAP-Rule:MF_02093""; TRANSMEM 320..340; /note=""Helical""; /evidence=""ECO:0000255|HAMAP-Rule:MF_02093"""
B0R5N8,BRZ_HALS3,Transcriptional regulator Brz (Bacteriorhodopsin-regulating zinc finger protein),brz OE_3104F,Halobacterium salinarum (strain ATCC 29341 / DSM 671 / R1),60,MPITDLHCPRCGSDVKMGLPMGATVKSVTAASRQEPTSDTQKVRTVECRNDHEFFVRFEW,,,,
B0R633,BACS1_HALS3,Sensory rhodopsin-1 (Sensory rhodopsin I) (SR-I),sopI OE_3348F,Halobacterium salinarum (strain ATCC 29341 / DSM 671 / R1),239,MDAVATAYLGGAVALIVGVAFVWLLYRSLDGSPHQSALAPLAIIPVFAGLSYVGMAYDIGTVIVNGNQIVGLRYIDWLVTTPILVGYVGYAAGASRRSIIGVMVADALMIAVGAGAVVTDGTLKWALFGVSSIFHLSLFAYLYVIFPRVVPDVPEQIGLFNLLKNHIGLLWLAYPLVWLFGPAGIGEATAAGVALTYVFLDVLAKVPYVYFFYARRRVFMHSESPPAPEQATVEATAAD,,SUBCELLULAR LOCATION: Cell membrane {ECO:0000269|PubMed:8187768}; Multi-pass membrane protein {ECO:0000269|PubMed:8187768}.,"TOPO_DOM 1..3; /note=""Extracellular""; /evidence=""ECO:0000250""; TOPO_DOM 26..34; /note=""Cytoplasmic""; /evidence=""ECO:0000250""; TOPO_DOM 57..70; /note=""Extracellular""; /evidence=""ECO:0000250""; TOPO_DOM 93..95; /note=""Cytoplasmic""; /evidence=""ECO:0000250""; TOPO_DOM 119..122; /note=""Extracellular""; /evidence=""ECO:0000250""; TOPO_DOM 151..153; /note=""Cytoplasmic""; /evidence=""ECO:0000250""; TOPO_DOM 182..189; /note=""Extracellular""; /evidence=""ECO:0000250""; TOPO_DOM 223..239; /note=""Cytoplasmic""; /evidence=""ECO:0000250""","TRANSMEM 4..25; /note=""Helical; Name=Helix A""; /evidence=""ECO:0000250""; TRANSMEM 35..56; /note=""Helical; Name=Helix B""; /evidence=""ECO:0000250""; TRANSMEM 71..92; /note=""Helical; Name=Helix C""; /evidence=""ECO:0000250""; TRANSMEM 96..118; /note=""Helical; Name=Helix D""; /evidence=""ECO:0000250""; TRANSMEM 123..150; /note=""Helical; Name=Helix E""; /evidence=""ECO:0000250""; TRANSMEM 154..181; /note=""Helical; Name=Helix F""; /evidence=""ECO:0000250""; TRANSMEM 190..222; /note=""Helical; Name=Helix G""; /evidence=""ECO:0000250"""
P0DMH7,BACH_HALSA,Halorhodopsin (HR),hop VNG_0180G,Halobacterium salinarum (strain ATCC 700922 / JCM 11081 / NRC-1) (Halobacterium halobium),274,MSITSVPGVVDAGVLGAQSAAAVRENALLSSSLWVNVALAGIAILVFVYMGRTIRPGRPRLIWGATLMIPLVSISSYLGLLSGLTVGMIEMPAGHALAGEMVRSQWGRYLTWALSTPMILLALGLLADVDLGSLFTVIAADIGMCVTGLAAAMTTSALLFRWAFYAISCAFFVVVLSALVTDWAASASSAGTAEIFDTLRVLTVVLWLGYPIVWAVGVEGLALVQSVGVTSWAYSVLDVFAKYVFAFILLRWVANNERTVAVAGQTLGTMSSDD,,SUBCELLULAR LOCATION: Cell membrane {ECO:0000250}; Multi-pass membrane protein {ECO:0000250}.,"TOPO_DOM 22..25; /note=""Extracellular""; /evidence=""ECO:0000250""; TOPO_DOM 52..57; /note=""Cytoplasmic""; /evidence=""ECO:0000250""; TOPO_DOM 82..105; /note=""Extracellular""; /evidence=""ECO:0000250""; TOPO_DOM 128..130; /note=""Cytoplasmic""; /evidence=""ECO:0000250""; TOPO_DOM 155..157; /note=""Extracellular""; /evidence=""ECO:0000250""; TOPO_DOM 181..192; /note=""Cytoplasmic""; /evidence=""ECO:0000250""; TOPO_DOM 217..226; /note=""Extracellular""; /evidence=""ECO:0000250""; TOPO_DOM 256..274; /note=""Cytoplasmic""; /evidence=""ECO:0000250""","TRANSMEM 26..51; /note=""Helical; Name=Helix A""; /evidence=""ECO:0000250""; TRANSMEM 58..81; /note=""Helical; Name=Helix B""; /evidence=""ECO:0000250""; TRANSMEM 106..127; /note=""Helical; Name=Helix C""; /evidence=""ECO:0000250""; TRANSMEM 131..154; /note=""Helical; Name=Helix D""; /evidence=""ECO:0000250""; TRANSMEM 158..180; /note=""Helical; Name=Helix E""; /evidence=""ECO:0000250""; TRANSMEM 193..216; /note=""Helical; Name=Helix F""; /evidence=""ECO:0000250""; TRANSMEM 227..255; /note=""Helical; Name=Helix G""; /evidence=""ECO:0000250"""
P0DMH8,BACS1_HALSA,Sensory rhodopsin-1 (Sensory rhodopsin I) (SR-I),sop1 sopI VNG_1660G,Halobacterium salinarum (strain ATCC 700922 / JCM 11081 / NRC-1) (Halobacterium halobium),239,MDAVATAYLGGAVALIVGVAFVWLLYRSLDGSPHQSALAPLAIIPVFAGLSYVGMAYDIGTVIVNGNQIVGLRYIDWLVTTPILVGYVGYAAGASRRSIIGVMVADALMIAVGAGAVVTDGTLKWALFGVSSIFHLSLFAYLYVIFPRVVPDVPEQIGLFNLLKNHIGLLWLAYPLVWLFGPAGIGEATAAGVALTYVFLDVLAKVPYVYFFYARRRVFMHSESPPAPEQATVEATAAD,,SUBCELLULAR LOCATION: Cell membrane {ECO:0000269|PubMed:2036407}; Multi-pass membrane protein {ECO:0000269|PubMed:2036407}.,"TOPO_DOM 1..3; /note=""Extracellular""; /evidence=""ECO:0000250""; TOPO_DOM 26..34; /note=""Cytoplasmic""; /evidence=""ECO:0000250""; TOPO_DOM 57..70; /note=""Extracellular""; /evidence=""ECO:0000250""; TOPO_DOM 93..95; /note=""Cytoplasmic""; /evidence=""ECO:0000250""; TOPO_DOM 119..122; /note=""Extracellular""; /evidence=""ECO:0000250""; TOPO_DOM 151..153; /note=""Cytoplasmic""; /evidence=""ECO:0000250""; TOPO_DOM 182..189; /note=""Extracellular""; /evidence=""ECO:0000250""; TOPO_DOM 223..239; /note=""Cytoplasmic""; /evidence=""ECO:0000250""","TRANSMEM 4..25; /note=""Helical; Name=Helix A""; /evidence=""ECO:0000250""; TRANSMEM 35..56; /note=""Helical; Name=Helix B""; /evidence=""ECO:0000250""; TRANSMEM 71..92; /note=""Helical; Name=Helix C""; /evidence=""ECO:0000250""; TRANSMEM 96..118; /note=""Helical; Name=Helix D""; /evidence=""ECO:0000250""; TRANSMEM 123..150; /note=""Helical; Name=Helix E""; /evidence=""ECO:0000250""; TRANSMEM 154..181; /note=""Helical; Name=Helix F""; /evidence=""ECO:0000250""; TRANSMEM 190..222; /note=""Helical; Name=Helix G""; /evidence=""ECO:0000250"""
P33969,BACR_HALHM,Bacteriorhodopsin (BR),bop,Halobacterium halobium (strain mex),204,GIGTLLMLIGTFYFIARGWGVTDKKAREYYAITILVPGIASAAYLSMFFGIGLTTVEVAGMAEPLEIYYARYADWLFTTPLLLLDLALLANADRTTIGTLIGVDALMIVTGLIGALSHTPLARYTWWLFSTIAFLFVLYYLLTVLRSAAAELSEDVQTTFNTLTALVAVLWTAYPILWIIGTEGAGVVGLGVETLAFMVLDVTA,,SUBCELLULAR LOCATION: Cell membrane; Multi-pass membrane protein.,"TOPO_DOM 17..30; /note=""Cytoplasmic""; TOPO_DOM 51..70; /note=""Extracellular""; TOPO_DOM 91..96; /note=""Cytoplasmic""; TOPO_DOM 117..123; /note=""Extracellular""; TOPO_DOM 144..166; /note=""Cytoplasmic""; TOPO_DOM 187..192; /note=""Extracellular""","TRANSMEM <1..16; /note=""Helical; Name=Helix A""; TRANSMEM 31..50; /note=""Helical; Name=Helix B""; TRANSMEM 71..90; /note=""Helical; Name=Helix C""; TRANSMEM 97..116; /note=""Helical; Name=Helix D""; TRANSMEM 124..143; /note=""Helical; Name=Helix E""; TRANSMEM 167..186; /note=""Helical; Name=Helix F""; TRANSMEM 193..>204; /note=""Helical; Name=Helix G"""
P33971,BACR_HALHP,Bacteriorhodopsin (BR),bop,Halobacterium halobium (strain port),211,IWLWLGTAGMFLGMLYFIARGWGETDSRRQKFYIATILITAIAFVNYLAMALGFGLTIVEFAGEEHPIYWARYSDWLFTTPLLLYDLGLLAGADRNTITSLVSLDVLMIGTGLVATLSAGSGVLSAGAERLVWWGISTAFLLVLLYFLFSSLSGRVADLPSDTRSTFKTLRNLVTVVWLVYPVWWLIGTEGIGLVGIGIETAGFMVIDLTA,,SUBCELLULAR LOCATION: Cell membrane; Multi-pass membrane protein.,"TOPO_DOM 20..33; /note=""Cytoplasmic""; /evidence=""ECO:0000250""; TOPO_DOM 53..68; /note=""Extracellular""; /evidence=""ECO:0000250""; TOPO_DOM 87..97; /note=""Cytoplasmic""; /evidence=""ECO:0000250""; TOPO_DOM 118..130; /note=""Extracellular""; /evidence=""ECO:0000250""; TOPO_DOM 151..168; /note=""Cytoplasmic""; /evidence=""ECO:0000250""; TOPO_DOM 188..199; /note=""Extracellular""; /evidence=""ECO:0000250""","TRANSMEM 1..19; /note=""Helical; Name=Helix A""; /evidence=""ECO:0000250""; TRANSMEM 34..52; /note=""Helical; Name=Helix B""; /evidence=""ECO:0000250""; TRANSMEM 69..86; /note=""Helical; Name=Helix C""; /evidence=""ECO:0000250""; TRANSMEM 98..117; /note=""Helical; Name=Helix D""; /evidence=""ECO:0000250""; TRANSMEM 131..150; /note=""Helical; Name=Helix E""; /evidence=""ECO:0000250""; TRANSMEM 169..187; /note=""Helical; Name=Helix F""; /evidence=""ECO:0000250""; TRANSMEM 200..>211; /note=""Helical; Name=Helix G""; /evidence=""ECO:0000250"""
P33972,BACR_HALHS,Bacteriorhodopsin (BR),bop,Halobacterium halobium (strain shark),209,LWLGTAGMFLGMLYFIARGWGETDGRRQKFYIATILITAIAFVNYLAMALGFGLTFIEFGGEQHPIYWARYTDWLFTTPLLLYDLGLLAGADRNTIYSLVSLDVLMIGTGVVATLSAGSGVLSAGAERLVWWGISTAFLLVLLYFLFSSLSGRVANLPSDTRSTFKTLRNLVTVVWLVYPVWWLVGSEGLGLVGIGIETAGFMVIDLVA,,SUBCELLULAR LOCATION: Cell membrane; Multi-pass membrane protein.,"TOPO_DOM 18..31; /note=""Cytoplasmic""; /evidence=""ECO:0000250""; TOPO_DOM 51..66; /note=""Extracellular""; /evidence=""ECO:0000250""; TOPO_DOM 85..95; /note=""Cytoplasmic""; /evidence=""ECO:0000250""; TOPO_DOM 116..128; /note=""Extracellular""; /evidence=""ECO:0000250""; TOPO_DOM 149..166; /note=""Cytoplasmic""; /evidence=""ECO:0000250""; TOPO_DOM 186..197; /note=""Extracellular""; /evidence=""ECO:0000250""","TRANSMEM <1..17; /note=""Helical; Name=Helix A""; /evidence=""ECO:0000250""; TRANSMEM 32..50; /note=""Helical; Name=Helix B""; /evidence=""ECO:0000250""; TRANSMEM 67..84; /note=""Helical; Name=Helix C""; /evidence=""ECO:0000250""; TRANSMEM 96..115; /note=""Helical; Name=Helix D""; /evidence=""ECO:0000250""; TRANSMEM 129..148; /note=""Helical; Name=Helix E""; /evidence=""ECO:0000250""; TRANSMEM 167..185; /note=""Helical; Name=Helix F""; /evidence=""ECO:0000250""; TRANSMEM 198..>209; /note=""Helical; Name=Helix G""; /evidence=""ECO:0000250"""
P71411,BACS2_HALSA,Sensory rhodopsin-2 (Sensory rhodopsin II) (SR-II),sop2 sopII VNG_1764G,Halobacterium salinarum (strain ATCC 700922 / JCM 11081 / NRC-1) (Halobacterium halobium),237,MALTTWFWVGAVGMLAGTVLPIRDCIRHPSHRRYDLVLAGITGLAAIAYTTMGLGITATTVGDRTVYLARYIDWLVTTPLIVLYLAMLARPGHRTSAWLLAADVFVIAAGIAAALTTGVQRWLFFAVGAAGYAALLYGLLGTLPRALGDDPRVRSLFVTLRNITVVLWTLYPVVWLLSPAGIGILQTEMYTIVVVYLDFISKVAFVAFAVLGADAVSRLVAADAAAPATAEPTPDGD,,SUBCELLULAR LOCATION: Cell membrane {ECO:0000250}; Multi-pass membrane protein {ECO:0000250}.,"TOPO_DOM 1..2; /note=""Extracellular""; /evidence=""ECO:0000250""; TOPO_DOM 24..31; /note=""Cytoplasmic""; /evidence=""ECO:0000250""; TOPO_DOM 54..67; /note=""Extracellular""; /evidence=""ECO:0000250""; TOPO_DOM 90..92; /note=""Cytoplasmic""; /evidence=""ECO:0000250""; TOPO_DOM 116..119; /note=""Extracellular""; /evidence=""ECO:0000250""; TOPO_DOM 148..150; /note=""Cytoplasmic""; /evidence=""ECO:0000250""; TOPO_DOM 179..186; /note=""Extracellular""; /evidence=""ECO:0000250""; TOPO_DOM 215..237; /note=""Cytoplasmic""; /evidence=""ECO:0000250""","TRANSMEM 3..23; /note=""Helical; Name=Helix A""; /evidence=""ECO:0000250""; TRANSMEM 32..53; /note=""Helical; Name=Helix B""; /evidence=""ECO:0000250""; TRANSMEM 68..89; /note=""Helical; Name=Helix C""; /evidence=""ECO:0000250""; TRANSMEM 93..115; /note=""Helical; Name=Helix D""; /evidence=""ECO:0000250""; TRANSMEM 120..147; /note=""Helical; Name=Helix E""; /evidence=""ECO:0000250""; TRANSMEM 151..178; /note=""Helical; Name=Helix F""; /evidence=""ECO:0000250""; TRANSMEM 187..214; /note=""Helical; Name=Helix G""; /evidence=""ECO:0000250"""
Q48314,BACH_HALHS,Halorhodopsin (HR),hop,Halobacterium halobium (strain shark),276,MTAVSTTATTVLQATQSDVLQEIQSNFLLNSSIWVNIALAGVVILLFVAMGRDLESPRAKLIWVATMLVPLVSISSYAGLASGLTVGFLQMPPGHALAGQEVLSPWGRYLTWTFSTPMILLALGLLADTDIASLFTAITMDIGMCVTGLAAALITSSHLLRWVFYGISCAFFVAVLYVLLVQWPADAEAAGTSEIFGTLKILTVVLWLGYPILWALGSEGVALLSVGVTSWGYSGLDILAKYVFAFLLLRWVAANEGTVSGSGMGIGSGGAAPADD,,SUBCELLULAR LOCATION: Cell membrane {ECO:0000269|PubMed:8541296}; Multi-pass membrane protein.,"TOPO_DOM 22..25; /note=""Extracellular""; /evidence=""ECO:0000250""; TOPO_DOM 52..57; /note=""Cytoplasmic""; /evidence=""ECO:0000250""; TOPO_DOM 82..105; /note=""Extracellular""; /evidence=""ECO:0000250""; TOPO_DOM 128..130; /note=""Cytoplasmic""; /evidence=""ECO:0000250""; TOPO_DOM 155..157; /note=""Extracellular""; /evidence=""ECO:0000250""; TOPO_DOM 181..192; /note=""Cytoplasmic""; /evidence=""ECO:0000250""; TOPO_DOM 217..225; /note=""Extracellular""; /evidence=""ECO:0000250""; TOPO_DOM 255..276; /note=""Cytoplasmic""; /evidence=""ECO:0000250""","TRANSMEM 26..51; /note=""Helical; Name=Helix A""; /evidence=""ECO:0000250""; TRANSMEM 58..81; /note=""Helical; Name=Helix B""; /evidence=""ECO:0000250""; TRANSMEM 106..127; /note=""Helical; Name=Helix C""; /evidence=""ECO:0000250""; TRANSMEM 131..154; /note=""Helical; Name=Helix D""; /evidence=""ECO:0000250""; TRANSMEM 158..180; /note=""Helical; Name=Helix E""; /evidence=""ECO:0000250""; TRANSMEM 193..216; /note=""Helical; Name=Helix F""; /evidence=""ECO:0000250""; TRANSMEM 226..254; /note=""Helical; Name=Helix G""; /evidence=""ECO:0000250"""
Q48315,BACH_HALHP,Halorhodopsin (HR),hop,Halobacterium halobium (strain port),276,MTAASTTATTMLQATQSDVLQEIQSNFLLNSSIWVNIALAGVVILLFVAMGRDIESPRAKLIWVATMLVPLVSISSYAGLASGLTVGFLQMPPGHALAGQEVLSPWGRYLTWTFSTPMILLALGLLADTDIASLFTAITMDIGMCVTGLAAALITSSHLLRWVFYGISCAFFVAVLYVLLVQWPADAEAAGTSEIFGTLKILTVVLWLGYPILWALGSEGVALLSVGVTSWGYSGLDILAKYVFAFLLLRWVAANEGAVSGSGMSIGSGGAAPADD,,SUBCELLULAR LOCATION: Cell membrane; Multi-pass membrane protein.,"TOPO_DOM 22..25; /note=""Extracellular""; /evidence=""ECO:0000250""; TOPO_DOM 52..57; /note=""Cytoplasmic""; /evidence=""ECO:0000250""; TOPO_DOM 82..105; /note=""Extracellular""; /evidence=""ECO:0000250""; TOPO_DOM 128..130; /note=""Cytoplasmic""; /evidence=""ECO:0000250""; TOPO_DOM 155..157; /note=""Extracellular""; /evidence=""ECO:0000250""; TOPO_DOM 181..192; /note=""Cytoplasmic""; /evidence=""ECO:0000250""; TOPO_DOM 217..225; /note=""Extracellular""; /evidence=""ECO:0000250""; TOPO_DOM 255..276; /note=""Cytoplasmic""; /evidence=""ECO:0000250""","TRANSMEM 26..51; /note=""Helical; Name=Helix A""; /evidence=""ECO:0000250""; TRANSMEM 58..81; /note=""Helical; Name=Helix B""; /evidence=""ECO:0000250""; TRANSMEM 106..127; /note=""Helical; Name=Helix C""; /evidence=""ECO:0000250""; TRANSMEM 131..154; /note=""Helical; Name=Helix D""; /evidence=""ECO:0000250""; TRANSMEM 158..180; /note=""Helical; Name=Helix E""; /evidence=""ECO:0000250""; TRANSMEM 193..216; /note=""Helical; Name=Helix F""; /evidence=""ECO:0000250""; TRANSMEM 226..254; /note=""Helical; Name=Helix G""; /evidence=""ECO:0000250"""
Q9HNE5,CRTY_HALSA,Lycopene beta-cyclase (EC 5.5.1.19),crtY VNG_2137G,Halobacterium salinarum (strain ATCC 700922 / JCM 11081 / NRC-1) (Halobacterium halobium),237,MTTSYLTFLAVAVGPPLVALGVVRAARWDGDRARAAGVGILLALALSYTTPWDNYLIATGVWWYGEGTVVGRLWQMPIEEYLFVITQTLLTGLWVQALPLRPTAGFSPTRRDAVLGALAGVLVGCGGAVLLTVDATFYIGAIIAWAAPVLALQWAVGWRYLWRRRRVFAAAVLVPTLFLSAADRYAIADGIWILAGQYTTGITVLGLPIEEGAFFFVTNVFVSQGLILYAWVLARWR,,SUBCELLULAR LOCATION: Cell membrane {ECO:0000250|UniProtKB:B0R753}; Multi-pass membrane protein {ECO:0000305}.,,"TRANSMEM 3..23; /note=""Helical""; /evidence=""ECO:0000255""; TRANSMEM 38..58; /note=""Helical""; /evidence=""ECO:0000255""; TRANSMEM 80..100; /note=""Helical""; /evidence=""ECO:0000255""; TRANSMEM 113..133; /note=""Helical""; /evidence=""ECO:0000255""; TRANSMEM 137..157; /note=""Helical""; /evidence=""ECO:0000255""; TRANSMEM 170..192; /note=""Helical""; /evidence=""ECO:0000255""; TRANSMEM 213..233; /note=""Helical""; /evidence=""ECO:0000255"""
P33970,BACH_HALHM,Halorhodopsin (HR),hop,Halobacterium halobium (strain mex),206,IALAGLSILLFVYMGRNVEDPRAQLIFVATLMVPLVSISSYTGLVSGLTVGFLEMPAGHALAGMGAGPEGGVFTPWGRYLTWAFSTPMILIALGLLAGSNMSKLFTAVVADVGMCITGLAAALTTSSYLLRWVWYGISCAFFVVVLYILLAEWAKDAEVAGTADIFNTLKVLTVVLWLGYPIFWALGAEGLAVLDIAITSWAYSGM,,SUBCELLULAR LOCATION: Cell membrane; Multi-pass membrane protein.,"TOPO_DOM 16..21; /note=""Cytoplasmic""; /evidence=""ECO:0000250""; TOPO_DOM 46..75; /note=""Extracellular""; /evidence=""ECO:0000250""; TOPO_DOM 98..100; /note=""Cytoplasmic""; /evidence=""ECO:0000250""; TOPO_DOM 125..127; /note=""Extracellular""; /evidence=""ECO:0000250""; TOPO_DOM 151..162; /note=""Cytoplasmic""; /evidence=""ECO:0000250""; TOPO_DOM 187..195; /note=""Extracellular""; /evidence=""ECO:0000250""","TRANSMEM <1..15; /note=""Helical; Name=Helix A""; /evidence=""ECO:0000250""; TRANSMEM 22..45; /note=""Helical; Name=Helix B""; /evidence=""ECO:0000250""; TRANSMEM 76..97; /note=""Helical; Name=Helix C""; /evidence=""ECO:0000250""; TRANSMEM 101..124; /note=""Helical; Name=Helix D""; /evidence=""ECO:0000250""; TRANSMEM 128..150; /note=""Helical; Name=Helix E""; /evidence=""ECO:0000250""; TRANSMEM 163..186; /note=""Helical; Name=Helix F""; /evidence=""ECO:0000250""; TRANSMEM 196..>206; /note=""Helical; Name=Helix G""; /evidence=""ECO:0000250"""
Q9HPU6,BRZ_HALSA,Transcriptional regulator Brz (Bacteriorhodopsin-regulating zinc finger protein),brz VNG_1466H,Halobacterium salinarum (strain ATCC 700922 / JCM 11081 / NRC-1) (Halobacterium halobium),60,MPITDLHCPRCGSDVKMGLPMGATVKSVTAASRQEPTSDTQKVRTVECRNDHEFFVRFEW,,,,