Entry,Entry Name,Protein names,Gene Names,Organism,Length,Origin,Sequence,Subcellular location [CC],Topological domain,Transmembrane,Lipidation
O11457,VGP_EBOG4,"Envelope glycoprotein (GP1,2) (GP) [Cleaved into: GP1; GP2; Shed GP (GP1,2-delta)]",GP,Zaire ebolavirus (strain Gabon-94) (ZEBOV) (Zaire Ebola virus),676,Uniprot,MGVTGILQLPRDRFKRTSFFLWVIILFQRTFSIPLGVIHNSTLQVSDVDKLVCRDKLSSTNQLRSVGLNLEGNGVATDVPSATKRWGFRSGVPPKVVNYEAGEWAENCYNLEIKKPDGSECLPAAPDGIRGFPRCRYVHKVSGTGPCAGDFAFHKEGAFFLYDRLASTVIYRGTTFAEGVVAFLILPQAKKDFFSSHPLREPVNATEDPSSGYYSTTIRYQATGFGTNETEYLFEVDNLTYVQLESRFTPQFLLQLNETRYTSGKRSNTTGKLIWKVNPEIDTTIGEWAFWETKKNLTRKIRSEELSFTAVSNRAKNISGQSPARTSSDPGTNTTTEDHKIMASENSSAMVQVHSQGREAAVSHLTTLATISTSLRPPITKPGPDNSTHNTPVYKLDISEATQVEQHHRRTDNASTTSDTPPATTAAGPLKAENTNTSKGTDLLDPATTTSPQNHSETAGNNNTHHQDTGEESASSGKLGLITNTIAGVAGLITGGRRTRREAIVNAQPKCNPNLHYWTTQDEGAAIGLAWIPYFGPAAEGIYIEGLMHNQDGLICGLRQLANETTQALQLFLRATTELRTFSILNRKAIDFLLQRWGGTCHILGPDCCIEPHDWTKNITDKIDQIIHDFVDKTLPDQGDNDNWWTGWRQWIPAGIGVTGVIIAVIALFCICKFVF,"SUBCELLULAR LOCATION: [GP2]: Virion membrane {ECO:0000250|UniProtKB:Q05320}; Single-pass type I membrane protein {ECO:0000255}. Host cell membrane {ECO:0000250|UniProtKB:Q05320}; Single-pass type I membrane protein {ECO:0000255}. Note=In the cell, localizes to the plasma membrane lipid rafts, which probably represent the assembly and budding site. {ECO:0000250|UniProtKB:Q05320}.; SUBCELLULAR LOCATION: [GP1]: Virion membrane {ECO:0000250|UniProtKB:Q05320}; Peripheral membrane protein {ECO:0000250|UniProtKB:Q05320}. Host cell membrane {ECO:0000250|UniProtKB:Q05320}; Peripheral membrane protein {ECO:0000250|UniProtKB:Q05320}. Note=GP1 is not anchored to the viral envelope, but forms a disulfid-linked complex with the extravirion surface GP2. In the cell, both GP1 and GP2 localize to the plasma membrane lipid rafts, which probably represent the assembly and budding site. GP1 can also be shed after proteolytic processing. {ECO:0000250|UniProtKB:Q05320}.; SUBCELLULAR LOCATION: [Shed GP]: Secreted {ECO:0000250|UniProtKB:Q05320}. Note=GP2-delta bound to GP1 (GP1,2-delta) is produced by proteolytic cleavage of GP1,2 by host ADAM17 and shed by the virus. {ECO:0000250|UniProtKB:Q05320}.","TOPO_DOM 33..650; /note=""Extracellular""; /evidence=""ECO:0000255""; TOPO_DOM 672..676; /note=""Cytoplasmic""; /evidence=""ECO:0000255""","TRANSMEM 651..671; /note=""Helical""; /evidence=""ECO:0000255""","LIPID 670; /note=""S-palmitoyl cysteine; by host""; /evidence=""ECO:0000250|UniProtKB:Q05320""; LIPID 672; /note=""S-palmitoyl cysteine; by host""; /evidence=""ECO:0000250|UniProtKB:Q05320"""
O39842,MAT_INCTA,Polyprotein p42 [Cleaved into: Protein M1' (CM1') (p31); Protein CM2],M,Influenza C virus (strain C/Taylor/1233/1947),374,Uniprot,MAHEILIAETEAFLKNVAPETRTTIISAITGGKSACKSAAKLIKNEHLPLMSGEATTMHIVMRCLYPEIKPWKKASDMLNKATSSLKKSEGRDIRKQMKAAGDFLGVESMMKMRAFRDDQIMEMVEEVYDHPNDYTPDIRIGTITAWLRCKNKKSERYRSNVSESGRTALKIHEVRKASTAMNEIAGITGLGEEALSLQRQTESLAILCNHTFGSNIMRPHLEKAIKGVEGRVGEMGRMAMKWLVVIIYFSITSQPASACNLKTCLKLFNNTDAVTVHCFNENQGYMLTLASLGLGIITMLYLLVKIIIELVNGFVLGRWERWCGDIKTTIMPEIDSMEKDIALSRERLDLGEDAPDETDNSPIPFSNDGIFEI,SUBCELLULAR LOCATION: [Polyprotein p42]: Host endoplasmic reticulum membrane {ECO:0000305}; Multi-pass membrane protein {ECO:0000305}.; SUBCELLULAR LOCATION: [Protein M1']: Virion membrane {ECO:0000305}; Single-pass type II membrane protein {ECO:0000305}.; SUBCELLULAR LOCATION: [Protein CM2]: Virion membrane {ECO:0000305}; Single-pass type I membrane protein {ECO:0000305}. Host cell membrane {ECO:0000305}; Single-pass type I membrane protein {ECO:0000305}.,"TOPO_DOM 1..238; /note=""Cytoplasmic""; /evidence=""ECO:0000255""; TOPO_DOM 260..288; /note=""Extracellular""; /evidence=""ECO:0000255""; TOPO_DOM 310..374; /note=""Cytoplasmic""; /evidence=""ECO:0000255""","TRANSMEM 239..259; /note=""Helical; Signal-anchor for type II membrane protein""; /evidence=""ECO:0000255""; TRANSMEM 289..309; /note=""Helical""; /evidence=""ECO:0000255""","LIPID 324; /note=""S-palmitoyl cysteine; by host""; /evidence=""ECO:0000250"""
O92284,GLYCO_RABVC,Glycoprotein,G,Rabies virus (strain CVS-11) (RABV),524,Uniprot,MVPQVLLFVPLLGFSLCFGKFPIYTIPDKLGPWSPIDIHHLSCPNNLVVEDEGCTNLSEFSYMELKVGYISAIKVNGFTCTGVVTEAETYTNFVGYVTTTFKRKHFRPTPDACRAAYNWKMAGDPRYEESLHNPYPDYHWLRTVRTTKESLIIISPSVTDLDPYDKSLHSRVFPGGKCSGITVSSTYCSTNHDYTIWMPENPRPRTPCDIFTNSRGKRASKGNKTCGFVDERGLYKSLKGACRLKLCGVLGLRLMDGTWVAMQTSDETKWCPPDQLVNLHDFRSDEIEHLVVEELVKKREECLDALESIMTTKSVSFRRLSHLRKLVPGFGKAYTIFNKTLMEADAHYKSVRTWNEIIPSKGCLKVGGRCHPHVNGVFFNGIILGPDGHVLIPEMQSSLLQQHMELLKSSVIPLMHPLADPSTVFKEGDEAEDFVEVHLPDVYKQISGVDLGLPNWGKYVLMTAGAMIGLVLIFSLMTWCRRANRPESKQRSFGGTGRNVSVTSQSGKVIPSWESYKSGGEIRL,SUBCELLULAR LOCATION: Virion membrane {ECO:0000305}; Single-pass type I membrane protein {ECO:0000305}.,"TOPO_DOM 20..459; /note=""Virion surface""; /evidence=""ECO:0000255""; TOPO_DOM 481..524; /note=""Intravirion""; /evidence=""ECO:0000255""","TRANSMEM 460..480; /note=""Helical""; /evidence=""ECO:0000255""","LIPID 480; /note=""S-palmitoyl cysteine; by host""; /evidence=""ECO:0000250"""
P03230,LMP1_EBVB9,Latent membrane protein 1 (LMP-1) (Protein p63) [Cleaved into: Protein p25],LMP1 BNLF1,Epstein-Barr virus (strain B95-8) (HHV-4) (Human herpesvirus 4),386,Swisspalm,MEHDLERGPPGPRRPPRGPPLSSSLGLALLLLLLALLFWLYIVMSDWTGGALLVLYSFALMLIIIILIIFIFRRDLLCPLGALCILLLMITLLLIALWNLHGQALFLGIVLFIFGCLLVLGIWIYLLEMLWRLGATIWQLLAFFLAFFLDLILLIIALYLQQNWWTLLVDLLWLLLFLAILIWMYYHGQRHSDEHHHDDSLPHPQQATDDSGHESDSNSNEGRHHLLVSGAGDGPPLCSQNLGAPGGGPDNGPQDPDNTDDNGPQDPDNTDDNGPHDPLPQDPDNTDDNGPQDPDNTDDNGPHDPLPHSPSDSAGNDGGPPQLTEEVENKGGDQGPPLMTDGGGGHSHDSGHGGGDPHLPTLLLGSSGSGGDDDDPHGPVQLSYYD,SUBCELLULAR LOCATION: Host cell membrane {ECO:0000269|PubMed:10807912}; Multi-pass membrane protein {ECO:0000269|PubMed:10807912}.,"TOPO_DOM 1..23; /note=""Cytoplasmic""; TOPO_DOM 45..51; /note=""Extracellular""; TOPO_DOM 73..75; /note=""Cytoplasmic""; TOPO_DOM 97..106; /note=""Extracellular""; TOPO_DOM 128..139; /note=""Cytoplasmic""; TOPO_DOM 161..163; /note=""Extracellular""; TOPO_DOM 185..386; /note=""Cytoplasmic""","TRANSMEM 24..44; /note=""Helical""; /evidence=""ECO:0000255""; TRANSMEM 52..72; /note=""Helical""; /evidence=""ECO:0000255""; TRANSMEM 76..96; /note=""Helical""; /evidence=""ECO:0000255""; TRANSMEM 107..127; /note=""Helical""; /evidence=""ECO:0000255""; TRANSMEM 140..160; /note=""Helical""; /evidence=""ECO:0000255""; TRANSMEM 164..184; /note=""Helical""; /evidence=""ECO:0000255""","LIPID 78; /note=""S-palmitoyl cysteine; by host"""
P03315,POLS_SFV,Structural polyprotein (p130) [Cleaved into: Capsid protein (EC 3.4.21.90) (Coat protein) (C); Precursor of protein E3/E2 (p62) (pE2); Assembly protein E3; Spike glycoprotein E2 (E2 envelope glycoprotein); 6K protein; Spike glycoprotein E1 (E1 envelope glycoprotein)],,Semliki forest virus (SFV),1253,Uniprot,MNYIPTQTFYGRRWRPRPAARPWPLQATPVAPVVPDFQAQQMQQLISAVNALTMRQNAIAPARPPKPKKKKTTKPKPKTQPKKINGKTQQQKKKDKQADKKKKKPGKRERMCMKIENDCIFEVKHEGKVTGYACLVGDKVMKPAHVKGVIDNADLAKLAFKKSSKYDLECAQIPVHMRSDASKYTHEKPEGHYNWHHGAVQYSGGRFTIPTGAGKPGDSGRPIFDNKGRVVAIVLGGANEGSRTALSVVTWNKDMVTRVTPEGSEEWSAPLITAMCVLANATFPCFQPPCVPCCYENNAEATLRMLEDNVDRPGYYDLLQAALTCRNGTRHRRSVSQHFNVYKATRPYIAYCADCGAGHSCHSPVAIEAVRSEATDGMLKIQFSAQIGIDKSDNHDYTKIRYADGHAIENAVRSSLKVATSGDCFVHGTMGHFILAKCPPGEFLQVSIQDTRNAVRACRIQYHHDPQPVGREKFTIRPHYGKEIPCTTYQQTTAETVEEIDMHMPPDTPDRTLLSQQSGNVKITVGGKKVKYNCTCGTGNVGTTNSDMTINTCLIEQCHVSVTDHKKWQFNSPFVPRADEPARKGKVHIPFPLDNITCRVPMAREPTVIHGKREVTLHLHPDHPTLFSYRTLGEDPQYHEEWVTAAVERTIPVPVDGMEYHWGNNDPVRLWSQLTTEGKPHGWPHQIVQYYYGLYPAATVSAVVGMSLLALISIFASCYMLVAARSKCLTPYALTPGAAVPWTLGILCCAPRAHAASVAETMAYLWDQNQALFWLEFAAPVACILIITYCLRNVLCCCKSLSFLVLLSLGATARAYEHSTVMPNVVGFPYKAHIERPGYSPLTLQMQVVETSLEPTLNLEYITCEYKTVVPSPYVKCCGASECSTKEKPDYQCKVYTGVYPFMWGGAYCFCDSENTQLSEAYVDRSDVCRHDHASAYKAHTASLKAKVRVMYGNVNQTVDVYVNGDHAVTIGGTQFIFGPLSSAWTPFDNKIVVYKDEVFNQDFPPYGSGQPGRFGDIQSRTVESNDLYANTALKLARPSPGMVHVPYTQTPSGFKYWLKEKGTALNTKAPFGCQIKTNPVRAMNCAVGNIPVSMNLPDSAFTRIVEAPTIIDLTCTVATCTHSSDFGGVLTLTYKTNKNGDCSVHSHSNVATLQEATAKVKTAGKVTLHFSTASASPSFVVSLCSARATCSASCEPPKDHIVPYAASHSNVVFPDMSGTALSWVQKISGGLGAFAIGAILVLVVVTCIGLRR,"SUBCELLULAR LOCATION: [Capsid protein]: Virion {ECO:0000250|UniProtKB:P03316}. Host cytoplasm {ECO:0000250|UniProtKB:Q8JUX5}. Host cell membrane {ECO:0000250|UniProtKB:P03316}. Host nucleus {ECO:0000250|UniProtKB:Q8JUX5}. Note=Shuttles between the cytoplasm and the nucleus. {ECO:0000250|UniProtKB:Q8JUX5}.; SUBCELLULAR LOCATION: [Spike glycoprotein E2]: Virion membrane {ECO:0000250|UniProtKB:Q8JUX5}; Single-pass type I membrane protein {ECO:0000255}. Host cell membrane {ECO:0000250|UniProtKB:P03316}; Single-pass type I membrane protein {ECO:0000250|UniProtKB:Q8JUX5}.; SUBCELLULAR LOCATION: [6K protein]: Host cell membrane {ECO:0000250|UniProtKB:P03316}; Multi-pass membrane protein {ECO:0000255}. Virion membrane {ECO:0000250|UniProtKB:P03316}; Multi-pass membrane protein {ECO:0000255}.; SUBCELLULAR LOCATION: [Spike glycoprotein E1]: Virion membrane {ECO:0000250|UniProtKB:Q8JUX5}; Single-pass type I membrane protein {ECO:0000255}. Host cell membrane {ECO:0000250|UniProtKB:P03316, ECO:0000250|UniProtKB:Q8JUX5}; Single-pass type I membrane protein {ECO:0000255}.","TOPO_DOM 268..701; /note=""Extracellular""; /evidence=""ECO:0000255""; TOPO_DOM 723..755; /note=""Cytoplasmic""; /evidence=""ECO:0000255""; TOPO_DOM 756..770; /note=""Extracellular""; /evidence=""ECO:0000255""; TOPO_DOM 792; /note=""Cytoplasmic""; /evidence=""ECO:0000255""; TOPO_DOM 814..1230; /note=""Extracellular""; /evidence=""ECO:0000255""; TOPO_DOM 1252..1253; /note=""Cytoplasmic""; /evidence=""ECO:0000255""","TRANSMEM 702..722; /note=""Helical""; /evidence=""ECO:0000255""; TRANSMEM 771..791; /note=""Helical""; /evidence=""ECO:0000255""; TRANSMEM 793..813; /note=""Helical""; /evidence=""ECO:0000255""; TRANSMEM 1231..1251; /note=""Helical""; /evidence=""ECO:0000255""","LIPID 718; /note=""S-palmitoyl cysteine; by host""; /evidence=""ECO:0000255""; LIPID 728; /note=""S-palmitoyl cysteine; by host""; /evidence=""ECO:0000250""; LIPID 748; /note=""S-palmitoyl cysteine; by host""; /evidence=""ECO:0000250""; LIPID 749; /note=""S-palmitoyl cysteine; by host""; /evidence=""ECO:0000250""; LIPID 1248; /note=""S-stearoyl cysteine; by host""; /evidence=""ECO:0000269|PubMed:3143715"""
P03390,ENV_MLVF5,Envelope glycoprotein (Env polyprotein) [Cleaved into: Surface protein (SU) (Glycoprotein 70) (gp70); Transmembrane protein (TM) (Envelope protein p15E); R-peptide (p2E)],env,Friend murine leukemia virus (isolate 57) (FrMLV),675,Uniprot,MACSTLPKSPKDKIDPRDLLIPLILFLSLKGARSAAPGSSPHQVYNITWEVTNGDRETVWAISGNHPLWTWWPVLTPDLCMLALSGPPHWGLEYQAPYSSPPGPPCCSGSSGSSAGCSRDCDEPLTSLTPRCNTAWNRLKLDQVTHKSSEGFYVCPGSHRPREAKSCGGPDSFYCASWGCETTGRVYWKPSSSWDYITVDNNLTTSQAVQVCKDNKWCNPLAIQFTNAGKQVTSWTTGHYWGLRLYVSGRDPGLTFGIRLRYQNLGPRVPIGPNPVLADQLSLPRPNPLPKPAKSPPASNSTPTLISPSPTPTQPPPAGTGDRLLNLVQGAYQALNLTNPDKTQECWLCLVSGPPYYEGVAVLGTYSNHTSAPANCSVASQHKLTLSEVTGRGLCIGTVPKTHQALCNTTLKIDKGSYYLVAPTGTTWACNTGLTPCLSATVLNRTTDYCVLVELWPRVTYHPPSYVYSQFEKSYRHKREPVSLTLALLLGGLTMGGIAAGVGTGTTALVATQQFQQLHAAVQDDLKEVEKSITNLEKSLTSLSEVVLQNRRGLDLLFLKEGGLCAALKEECCFYADHTGLVRDSMAKLRERLTQRQKLFESSQGWFEGLFNRSPWFTTLISTIMGPLIILLLILLFGPCILNRLVQFVKDRISVVQALVLTQQYHQLKPLEYEP,"SUBCELLULAR LOCATION: [Transmembrane protein]: Virion membrane {ECO:0000250}; Single-pass type I membrane protein {ECO:0000250}. Host cell membrane {ECO:0000250}; Single-pass type I membrane protein {ECO:0000250}.; SUBCELLULAR LOCATION: [Surface protein]: Virion membrane; Peripheral membrane protein. Host cell membrane {ECO:0000250}; Peripheral membrane protein {ECO:0000250}. Note=The surface protein is not anchored to the viral envelope, but associates with the virion surface through its binding to TM. Both proteins are thought to be concentrated at the site of budding and incorporated into the virions possibly by contacts between the cytoplasmic tail of Env and the N-terminus of Gag (By similarity). {ECO:0000250}.; SUBCELLULAR LOCATION: [R-peptide]: Host cell membrane {ECO:0000250}; Peripheral membrane protein {ECO:0000250}. Note=The R-peptide is membrane-associated through its palmitate. {ECO:0000250}.","TOPO_DOM 35..620; /note=""Extracellular""; /evidence=""ECO:0000255""; TOPO_DOM 642..675; /note=""Cytoplasmic""; /evidence=""ECO:0000255""","TRANSMEM 621..641; /note=""Helical""; /evidence=""ECO:0000255""","LIPID 640; /note=""S-palmitoyl cysteine; by host""; /evidence=""ECO:0000269|PubMed:8661417"""
P03396,ENV_RSVP,Envelope glycoprotein gp95 (Env polyprotein) [Cleaved into: Surface protein (SU) (Glycoprotein 85) (gp85); Transmembrane protein (TM) (Glycoprotein 37) (gp37)],env,Rous sarcoma virus subgroup C (strain Prague) (RSV-Pr-C),601,Uniprot,MEAVIKAFLTGYPGKTSKKDSKEKPLATSKKDPEKTPLLPTRVNYILIIGVLVLCEVTGVRADVHLLEQPGNLWITWANRTGQTDFCLSTQSATSPFQTCLIGIPSPISEGDFKGYVSDTNCSTVGTDRLVLSASITGGPDNSTTLTYRKVSCLLLKLNVSMWDEPPELQLLGSQSLPNVTNITQVSGVAGGCVYFAPRATGLFLGWSKQGLSRFLLRHPFTSTSNSTEPFTVVTADRHNLFMGSEYCGAYGYRFWEIYNCSQTRNTYRCGDVGGTGLPETWCRGKGGIWVNQSKEINETEPFSFTANCTGSNLGNVSGCCGEPITILPLGAWIDSTQGSFTKPKALPPAIFLICGDRAWQGIPSRPVGGPCYLGKLTMLAPNHTDILKILANSSRTGIRRKRSVSHLDDTCSDEVQLWGPTARIFASILAPGVAAAQALREIERLACWSVKQANLTTSLLGDLLDDVTSIRHAVLQNRAAIDFLLLAHGHGCEDVAGMCCFNLSDHSESIQKKFQLMKKHVNKIGVDSDPIGSWLRGIFGGIGEWAVHLLKGLLLGLVVILLLLVCLPCLLQFVSSSIRKMINSSINYHTEYRKMQGGAV,"SUBCELLULAR LOCATION: [Transmembrane protein]: Virion membrane {ECO:0000305}; Single-pass type I membrane protein {ECO:0000303|PubMed:31151254}. Host cell membrane {ECO:0000305}; Single-pass type I membrane protein {ECO:0000303|PubMed:31151254}.; SUBCELLULAR LOCATION: [Surface protein]: Virion membrane {ECO:0000305}; Peripheral membrane protein {ECO:0000250|UniProtKB:P0DTM4}. Host cell membrane {ECO:0000305}; Peripheral membrane protein {ECO:0000250|UniProtKB:P0DTM4}. Note=The surface protein is not anchored to the viral envelope, but associates with the extravirion surface through its binding to TM. Both proteins are thought to be concentrated at the site of budding and incorporated into the virions possibly by contacts between the cytoplasmic tail of Env and the N-terminus of Gag (By similarity). {ECO:0000250}.","TOPO_DOM 63..554; /note=""Extracellular""; /evidence=""ECO:0000255""; TOPO_DOM 576..601; /note=""Cytoplasmic""; /evidence=""ECO:0000255""","TRANSMEM 555..575; /note=""Helical""; /evidence=""ECO:0000255""","LIPID 567; /note=""S-palmitoyl cysteine; by host""; /evidence=""ECO:0000269|PubMed:11689636""; LIPID 570; /note=""S-palmitoyl cysteine; by host""; /evidence=""ECO:0000269|PubMed:11689636"""
P03435,HEMA_I75A3,Hemagglutinin [Cleaved into: Hemagglutinin HA1 chain; Hemagglutinin HA2 chain],HA,Influenza A virus (strain A/Victoria/3/1975 H3N2),567,Uniprot,MKTIIALSYIFCLVFAQDLPGNDNNSTATLCLGHHAVPNGTLVKTITNDQIEVTNATELVQSSSTGKICNNPHRILDGINCTLIDALLGDPHCDGFQNEKWDLFVERSKAFSNCYPYDVPDYASLRSLVASSGTLEFINEGFNWTGVTQNGGSSACKRGPDSGFFSRLNWLYKSGSTYPVQNVTMPNNDNSDKLYIWGVHHPSTDKEQTNLYVQASGKVTVSTKRSQQTIIPNVGSRPWVRGLSSRISIYWTIVKPGDILVINSNGNLIAPRGYFKMRTGKSSIMRSDAPIGTCSSECITPNGSIPNDKPFQNVNKITYGACPKYVKQNTLKLATGMRNVPEKQTRGIFGAIAGFIENGWEGMIDGWYGFRHQNSEGTGQAADLKSTQAAIDQINGKLNRVIEKTNEKFHQIEKEFSEVEGRIQDLEKYVEDTKIDLWSYNAELLVALENQHTIDLTDSEMNKLFEKTRRQLRENAEDMGNGCFKIYHKCDNACIGSIRNGTYDHDVYRDEALNNRFQIKGVELKSGYKDWILWISFAISCFLLCVVLLGFIMWACQKGNIRCNICI,SUBCELLULAR LOCATION: Virion membrane {ECO:0000255|HAMAP-Rule:MF_04072}; Single-pass type I membrane protein {ECO:0000255|HAMAP-Rule:MF_04072}. Host apical cell membrane {ECO:0000255|HAMAP-Rule:MF_04072}; Single-pass type I membrane protein {ECO:0000255|HAMAP-Rule:MF_04072}. Note=Targeted to the apical plasma membrane in epithelial polarized cells through a signal present in the transmembrane domain. Associated with glycosphingolipid- and cholesterol-enriched detergent-resistant lipid rafts. {ECO:0000255|HAMAP-Rule:MF_04072}.,"TOPO_DOM 17..531; /note=""Extracellular""; /evidence=""ECO:0000255|HAMAP-Rule:MF_04072""; TOPO_DOM 553..567; /note=""Cytoplasmic""; /evidence=""ECO:0000255|HAMAP-Rule:MF_04072""","TRANSMEM 532..552; /note=""Helical""; /evidence=""ECO:0000255|HAMAP-Rule:MF_04072""","LIPID 556; /note=""S-palmitoyl cysteine; by host""; /evidence=""ECO:0000255|HAMAP-Rule:MF_04072""; LIPID 563; /note=""S-palmitoyl cysteine; by host""; /evidence=""ECO:0000255|HAMAP-Rule:MF_04072""; LIPID 566; /note=""S-palmitoyl cysteine; by host""; /evidence=""ECO:0000255|HAMAP-Rule:MF_04072"""
P03451,HEMA_I57A0,Hemagglutinin [Cleaved into: Hemagglutinin HA1 chain; Hemagglutinin HA2 chain],HA,Influenza A virus (strain A/Japan/305/1957 H2N2),562,Uniprot,MAIIYLILLFTAVRGDQICIGYHANNSTEKVDTNLERNVTVTHAKDILEKTHNGKLCKLNGIPPLELGDCSIAGWLLGNPECDRLLSVPEWSYIMEKENPRDGLCYPGSFNDYEELKHLLSSVKHFEKVKILPKDRWTQHTTTGGSRACAVSGNPSFFRNMVWLTKEGSDYPVAKGSYNNTSGEQMLIIWGVHHPIDETEQRTLYQNVGTYVSVGTSTLNKRSTPEIATRPKVNGQGGRMEFSWTLLDMWDTINFESTGNLIAPEYGFKISKRGSSGIMKTEGTLENCETKCQTPLGAINTTLPFHNVHPLTIGECPKYVKSEKLVLATGLRNVPQIESRGLFGAIAGFIEGGWQGMVDGWYGYHHSNDQGSGYAADKESTQKAFDGITNKVNSVIEKMNTQFEAVGKEFGNLERRLENLNKRMEDGFLDVWTYNAELLVLMENERTLDFHDSNVKNLYDKVRMQLRDNVKELGNGCFEFYHKCDDECMNSVKNGTYDYPKYEEESKLNRNEIKGVKLSSMGVYQILAIYATVAGSLSLAIMMAGISFWMCSNGSLQCRICI,SUBCELLULAR LOCATION: Virion membrane {ECO:0000255|HAMAP-Rule:MF_04072}; Single-pass type I membrane protein {ECO:0000255|HAMAP-Rule:MF_04072}. Host apical cell membrane {ECO:0000255|HAMAP-Rule:MF_04072}; Single-pass type I membrane protein {ECO:0000255|HAMAP-Rule:MF_04072}. Note=Targeted to the apical plasma membrane in epithelial polarized cells through a signal present in the transmembrane domain. Associated with glycosphingolipid- and cholesterol-enriched detergent-resistant lipid rafts. {ECO:0000255|HAMAP-Rule:MF_04072}.,"TOPO_DOM 16..525; /note=""Extracellular""; /evidence=""ECO:0000255|HAMAP-Rule:MF_04072""; TOPO_DOM 547..562; /note=""Cytoplasmic""; /evidence=""ECO:0000255|HAMAP-Rule:MF_04072""","TRANSMEM 526..546; /note=""Helical""; /evidence=""ECO:0000255|HAMAP-Rule:MF_04072""","LIPID 551; /note=""S-palmitoyl cysteine; by host""; /evidence=""ECO:0000255|HAMAP-Rule:MF_04072, ECO:0000269|PubMed:2249653""; LIPID 558; /note=""S-palmitoyl cysteine; by host""; /evidence=""ECO:0000255|HAMAP-Rule:MF_04072, ECO:0000269|PubMed:2249653""; LIPID 561; /note=""S-palmitoyl cysteine; by host""; /evidence=""ECO:0000255|HAMAP-Rule:MF_04072, ECO:0000269|PubMed:2249653"""
P03492,M2_I34A0,Matrix protein 2 (Proton channel protein M2),M,Influenza A virus (strain A/Fowl plague virus/Rostock/8/1934 H7N1),97,Uniprot,MSLLTEVETPTRNGWECRCNDSSDPLIIAASIIGILHLILWILNRLFFKCIYRRLKYGLKRGPSTEGVPESMREEYRQEQQSAVDVDDGHFVNIELE,"SUBCELLULAR LOCATION: Virion membrane {ECO:0000255|HAMAP-Rule:MF_04069}. Host apical cell membrane {ECO:0000255|HAMAP-Rule:MF_04069}; Single-pass type III membrane protein {ECO:0000255|HAMAP-Rule:MF_04069}. Note=Abundantly expressed at the apical plasma membrane in infected polarized epithelial cells, in close proximity to budding and assembled virions. Minor component of virions (only 16-20 molecules/virion). {ECO:0000255|HAMAP-Rule:MF_04069}.","TOPO_DOM 1..22; /note=""Virion surface""; /evidence=""ECO:0000255|HAMAP-Rule:MF_04069""; TOPO_DOM 44..97; /note=""Intravirion""; /evidence=""ECO:0000255|HAMAP-Rule:MF_04069""","TRANSMEM 23..43; /note=""Helical; Signal-anchor for type III membrane protein""; /evidence=""ECO:0000255|HAMAP-Rule:MF_04069""","LIPID 50; /note=""S-palmitoyl cysteine; by host""; /evidence=""ECO:0000255|HAMAP-Rule:MF_04069, ECO:0000269|PubMed:2219738"""
P03522,GLYCO_VSIVA,Glycoprotein,G,Vesicular stomatitis Indiana virus (strain San Juan) (VSIV),511,Uniprot,MKCLLYLAFLFIGVNCKFTIVFPHNQKGNWKNVPSNYHYCPSSSDLNWHNDLIGTAIQVKMPKSHKAIQADGWMCHASKWVTTCDFRWYGPKYITQSIRSFTPSVEQCKESIEQTKQGTWLNPGFPPQSCGYATVTDAEAVIVQVTPHHVLVDEYTGEWVDSQFINGKCSNYICPTVHNSTTWHSDYKVKGLCDSNLISMDITFFSEDGELSSLGKEGTGFRSNYFAYETGGKACKMQYCKHWGVRLPSGVWFEMADKDLFAAARFPECPEGSSISAPSQTSVDVSLIQDVERILDYSLCQETWSKIRAGLPISPVDLSYLAPKNPGTGPAFTIINGTLKYFETRYIRVDIAAPILSRMVGMISGTTTERELWDDWAPYEDVEIGPNGVLRTSSGYKFPLYMIGHGMLDSDLHLSSKAQVFEHPHIQDAASQLPDDESLFFGDTGLSKNPIELVEGWFSSWKSSIASFFFIIGLIIGLFLVLRVGIHLCIKLKHTKKRQIYTDIEMNRLGK,"SUBCELLULAR LOCATION: Virion membrane {ECO:0000269|PubMed:1850035, ECO:0000269|PubMed:8144707}; Single-pass type I membrane protein {ECO:0000269|PubMed:8144707}. Host membrane {ECO:0000269|PubMed:8144707}; Single-pass type I membrane protein {ECO:0000269|PubMed:8144707}. Note=The cytoplasmic domain sorts the protein to neurons dentrites instead of axons. When expressed in ex vivo polarized cells like epithelial cells, it sorts the protein to the basolateral side.","TOPO_DOM 17..467; /note=""Virion surface""; /evidence=""ECO:0000255""; TOPO_DOM 489..511; /note=""Intravirion""; /evidence=""ECO:0000255""","TRANSMEM 468..488; /note=""Helical""; /evidence=""ECO:0000255""","LIPID 489; /note=""S-palmitoyl cysteine; by host""; /evidence=""ECO:0000269|PubMed:6326102"""
P04021,PG057_VACCW,Envelope phospholipase OPG057 (EC 3.1.1.-) (37 kDa protein) (Envelope phospholipase F13) (Palmitoylated EV membrane protein) (p37K),OPG057 VACWR052 F13L,Vaccinia virus (strain Western Reserve) (VACV) (Vaccinia virus (strain WR)),372,Uniprot,MWPFASVPAGAKCRLVETLPENMDFRSDHLTTFECFNEIITLAKKYIYIASFCCNPLSTTRGALIFDKLKEASEKGIKIIVLLDERGKRNLGELQSHCPDINFITVNIDKKNNVGLLLGCFWVSDDERCYVGNASFTGGSIHTIKTLGVYSDYPPLATDLRRRFDTFKAFNSAKNSWLNLCSAACCLPVSTAYHIKNPIGGVFFTDSPEHLLGYSRDLDTDVVIDKLKSAKTSIDIEHLAIVPTTRVDGNSYYWPDIYNSIIEAAINRGVKIRLLVGNWDKNDVYSMATARSLDALCVQNDLSVKVFTIQNNTKLLIVDDEYVHITSANFDGTHYQNHGFVSFNSIDKQLVSEAKKIFERDWVSSHSKSLKI,"SUBCELLULAR LOCATION: Virion membrane {ECO:0000269|PubMed:12706074}; Lipid-anchor {ECO:0000269|PubMed:12706074}. Host Golgi apparatus, host trans-Golgi network {ECO:0000269|PubMed:27466413, ECO:0000269|PubMed:29540596}. Host endoplasmic reticulum membrane {ECO:0000269|PubMed:12706074}; Lipid-anchor {ECO:0000269|PubMed:12706074}; Cytoplasmic side {ECO:0000269|PubMed:12706074}. Note=Component of the inner side of the enveloped virion (EV) membrane. F13 is associated post-translationally with membranes.",,,"LIPID 185; /note=""S-palmitoyl cysteine; by host""; /evidence=""ECO:0000269|PubMed:8999886""; LIPID 186; /note=""S-palmitoyl cysteine; by host""; /evidence=""ECO:0000269|PubMed:8999886"""
P04578,ENV_HV1H2,Envelope glycoprotein gp160 (Env polyprotein) [Cleaved into: Surface protein gp120 (SU) (Glycoprotein 120) (gp120); Transmembrane protein gp41 (TM) (Glycoprotein 41) (gp41)],env,Human immunodeficiency virus type 1 group M subtype B (isolate HXB2) (HIV-1),856,Uniprot,MRVKEKYQHLWRWGWRWGTMLLGMLMICSATEKLWVTVYYGVPVWKEATTTLFCASDAKAYDTEVHNVWATHACVPTDPNPQEVVLVNVTENFNMWKNDMVEQMHEDIISLWDQSLKPCVKLTPLCVSLKCTDLKNDTNTNSSSGRMIMEKGEIKNCSFNISTSIRGKVQKEYAFFYKLDIIPIDNDTTSYKLTSCNTSVITQACPKVSFEPIPIHYCAPAGFAILKCNNKTFNGTGPCTNVSTVQCTHGIRPVVSTQLLLNGSLAEEEVVIRSVNFTDNAKTIIVQLNTSVEINCTRPNNNTRKRIRIQRGPGRAFVTIGKIGNMRQAHCNISRAKWNNTLKQIASKLREQFGNNKTIIFKQSSGGDPEIVTHSFNCGGEFFYCNSTQLFNSTWFNSTWSTEGSNNTEGSDTITLPCRIKQIINMWQKVGKAMYAPPISGQIRCSSNITGLLLTRDGGNSNNESEIFRPGGGDMRDNWRSELYKYKVVKIEPLGVAPTKAKRRVVQREKRAVGIGALFLGFLGAAGSTMGAASMTLTVQARQLLSGIVQQQNNLLRAIEAQQHLLQLTVWGIKQLQARILAVERYLKDQQLLGIWGCSGKLICTTAVPWNASWSNKSLEQIWNHTTWMEWDREINNYTSLIHSLIEESQNQQEKNEQELLELDKWASLWNWFNITNWLWYIKLFIMIVGGLVGLRIVFAVLSIVNRVRQGYSPLSFQTHLPTPRGPDRPEGIEEEGGERDRDRSIRLVNGSLALIWDDLRSLCLFSYHRLRDLLLIVTRIVELLGRRGWEALKYWWNLLQYWSQELKNSAVSLLNATAIAVAEGTDRVIEVVQGACRAIRHIPRRIRQGLERILL,"SUBCELLULAR LOCATION: [Surface protein gp120]: Virion membrane {ECO:0000255|HAMAP-Rule:MF_04083}; Peripheral membrane protein {ECO:0000255|HAMAP-Rule:MF_04083}. Host cell membrane {ECO:0000255|HAMAP-Rule:MF_04083}; Peripheral membrane protein {ECO:0000255|HAMAP-Rule:MF_04083}. Host endosome membrane {ECO:0000255|HAMAP-Rule:MF_04083}; Single-pass type I membrane protein {ECO:0000255|HAMAP-Rule:MF_04083}. Note=The surface protein is not anchored to the viral envelope, but associates with the extravirion surface through its binding to TM. It is probably concentrated at the site of budding and incorporated into the virions possibly by contacts between the cytoplasmic tail of Env and the N-terminus of Gag. {ECO:0000255|HAMAP-Rule:MF_04083}.; SUBCELLULAR LOCATION: [Transmembrane protein gp41]: Virion membrane {ECO:0000255|HAMAP-Rule:MF_04083}; Single-pass type I membrane protein {ECO:0000255|HAMAP-Rule:MF_04083}. Host cell membrane {ECO:0000255|HAMAP-Rule:MF_04083}; Single-pass type I membrane protein {ECO:0000255|HAMAP-Rule:MF_04083}. Host endosome membrane {ECO:0000255|HAMAP-Rule:MF_04083}; Single-pass type I membrane protein {ECO:0000255|HAMAP-Rule:MF_04083}. Note=It is probably concentrated at the site of budding and incorporated into the virions possibly by contacts between the cytoplasmic tail of Env and the N-terminus of Gag. {ECO:0000255|HAMAP-Rule:MF_04083}.","TOPO_DOM 33..684; /note=""Extracellular""; /evidence=""ECO:0000255|HAMAP-Rule:MF_04083""; TOPO_DOM 706..856; /note=""Cytoplasmic""; /evidence=""ECO:0000255|HAMAP-Rule:MF_04083""","TRANSMEM 685..705; /note=""Helical""; /evidence=""ECO:0000255|HAMAP-Rule:MF_04083""","LIPID 764; /note=""S-palmitoyl cysteine; by host""; /evidence=""ECO:0000255|HAMAP-Rule:MF_04083, ECO:0000269|PubMed:7568235""; LIPID 837; /note=""S-palmitoyl cysteine; by host""; /evidence=""ECO:0000255|HAMAP-Rule:MF_04083, ECO:0000269|PubMed:7568235"""
P05883,ENV_HV2NZ,Envelope glycoprotein gp160 (Env polyprotein) [Cleaved into: Surface protein gp120 (SU) (Glycoprotein 120) (gp120); Transmembrane protein gp41 (TM) (Glycoprotein 41) (gp41)],env,Human immunodeficiency virus type 2 subtype A (isolate NIH-Z) (HIV-2),856,Uniprot,MKGSKNQLLIAIVLASAYLIHCKQFVTVFYGIPAWRNASIPLFCATKNRDTWGTIQCLPDNDDYQEITLNVTEAFDAWNNTVTEQAVEDVWNLFETSIKPCVKLTPLCVAMNCTRNMTTWTGRTDTQNITIINDTSHARADNCTGLKEEEMIDCQFSMTGLERDKRKQYTEAWYSKDVVCDNNTSSQSKCYMNHCNTSVITESCDKHYWDAMRFRYCAPPGFALLRCNDTNYSGFAPNCSKVVAATCTRMMETQTSTWFGFNGTRAENRTYIYWHGKDNRTIISLNNFYNLTMHCKRPGNKTVLPITFMSGFKFHSQPVINKKPRQAWCWFEGQWKEAMQEVKETLAKHPRYKGNRSRTENIKFKAPGRGSDPEVTYMWTNCRGESLYCNMTWFLNWVENRTGQKQRNYAPCRIRQIINTWHRVGKNLYLPPREGELTCNSTVTSIIANIDAGDQTNITFSAEAAELYRLELGDYKLVEITPIGFAPTSVKRYSSAHQRHTRGVFVLGFLGFLATAGSAMGAASLTLSAQSRTLLAGIVQQQQQLLDVVKRQQEMLRLTVWGTKNLQARVTAIEKYLKDQAQLNSWGCAFRQVCHTSVPWVNDTLTPDWNNMTWQEWEQKVRYLEANISQSLEQAQIQQEKNMYELQKLNSWDVFTNWLDFTSWVRYIQYGVYVVVGIVALRIVIYIVQMLSRLRKGYRPVFSSPPGYIQQIHIHKDQEQPAREETEEDVGSNGGDRSWPWPIAYIHFLIRLLIRLLTGLYNICRDLLSRISPILQPIFQSLQRALTAIRDWLRLKAAYLQYGCEWIQEAFQALARTTRETLAGAGRDLWRALQRIGRGILAVPRRIRQGAELALL,"SUBCELLULAR LOCATION: [Transmembrane protein gp41]: Virion membrane {ECO:0000250}; Single-pass type I membrane protein {ECO:0000250}. Host cell membrane {ECO:0000250}; Single-pass type I membrane protein {ECO:0000250}. Host endosome membrane {ECO:0000305}; Single-pass type I membrane protein {ECO:0000305}. Note=It is probably concentrated at the site of budding and incorporated into the virions possibly by contacts between the cytoplasmic tail of Env and the N-terminus of Gag. {ECO:0000250}.; SUBCELLULAR LOCATION: [Surface protein gp120]: Virion membrane {ECO:0000250}; Peripheral membrane protein {ECO:0000250}. Host cell membrane {ECO:0000250}; Peripheral membrane protein {ECO:0000250}. Host endosome membrane {ECO:0000305}; Peripheral membrane protein {ECO:0000305}. Note=The surface protein is not anchored to the viral envelope, but associates with the extravirion surface through its binding to TM. It is probably concentrated at the site of budding and incorporated into the virions possibly by contacts between the cytoplasmic tail of Env and the N-terminus of Gag (By similarity). {ECO:0000250}.","TOPO_DOM 23..670; /note=""Extracellular""; /evidence=""ECO:0000255""; TOPO_DOM 692..856; /note=""Cytoplasmic""; /evidence=""ECO:0000255""","TRANSMEM 671..691; /note=""Helical""; /evidence=""ECO:0000255""","LIPID 764; /note=""S-palmitoyl cysteine; by host""; /evidence=""ECO:0000250"""
P07975,HEMA_INCJH,Hemagglutinin-esterase-fusion glycoprotein (HEF) (EC 3.1.1.53) [Cleaved into: Hemagglutinin-esterase-fusion glycoprotein chain 1 (HEF1); Hemagglutinin-esterase-fusion glycoprotein chain 2 (HEF2)],HE,Influenza C virus (strain C/Johannesburg/1/1966),655,Viet,MFFSLLLVLGLTEAEKIKICLQKQVNSSFSLHNGFGGNLYATEEKRMFELVKPKAGASVLNQSTWIGFGDSRTDKSNSAFPRSADVSAKTADKFRFLSGGSLMLSMFGPPGKVDYLYQGCGKHKVFYEGVNWSPHAAINCYRKNWTDIKLNFQKNIYELASQSHCMSLVNALDKTIPLQVTAGTAGNCNNSFLKNPALYTQEVKPSENKCGKENLAFFTLPTQFGTYECKLHLVASCYFIYDSKEVYNKRGCDNYFQVIYDSFGKVVGGLDNRVSPYTGNSGDTPTMQCDMLQLKPGRYSVRSSPRFLLMPERSYCFDMKEKGPVTAVQSIWGKGRESDYAVDQACLSTPGCMLIQKQKPYIGEADDHHGDQEMRELLSGLDYEARCISQSGWVNETSPFTEKYLLPPKFGRCPLAAKEESIPKIPDGLLIPTSGTDTTVTKPKSRIFGIDDLIIGVLFVAIVETGIGGYLLGSRKESGGGVTKESAEKGFEKIGNDIQILKSSINIAIEKLNDRISHDEQAIRDLTLEIENARSEALLGELGIIRALLVGNISIGLQESLWELASEITNRAGDLAVEVSPGCWIIDNNICDQSCQNFIFKFNETAPVPTIPPLDTKIDLQSDPFYWGSSLGLAITATISLAALVISGIAICRTK,SUBCELLULAR LOCATION: Virion membrane {ECO:0000255|HAMAP-Rule:MF_04072}; Single-pass type I membrane protein {ECO:0000255|HAMAP-Rule:MF_04072}. Host cell membrane {ECO:0000255|HAMAP-Rule:MF_04072}; Single-pass type I membrane protein {ECO:0000255|HAMAP-Rule:MF_04072}.,"TOPO_DOM 15..630; /note=""Extracellular""; /evidence=""ECO:0000255|HAMAP-Rule:MF_04072""; TOPO_DOM 652..655; /note=""Cytoplasmic""; /evidence=""ECO:0000255|HAMAP-Rule:MF_04072""","TRANSMEM 631..651; /note=""Helical""; /evidence=""ECO:0000255|HAMAP-Rule:MF_04072""","LIPID 652; /note=""S-palmitoyl cysteine; by host"""
P08411,POLN_SFV,Polyprotein P1234 (P1234) (Non-structural polyprotein) [Cleaved into: Polyprotein P123' (P123'); Polyprotein P123 (P123); mRNA-capping enzyme nsP1 (EC 2.1.1.-) (EC 2.7.7.-) (Non-structural protein 1); Protease nsP2 (EC 3.4.22.-) (EC 3.6.1.15) (EC 3.6.1.74) (EC 3.6.4.13) (Non-structural protein 2) (nsP2); Non-structural protein 3 (nsP3) (EC 3.1.3.84); Non-structural protein 3' (nsP3') (EC 3.1.3.84); RNA-directed RNA polymerase nsP4 (EC 2.7.7.19) (EC 2.7.7.48) (Non-structural protein 4) (nsP4)],,Semliki forest virus (SFV),2432,Uniprot,MAAKVHVDIEADSPFIKSLQKAFPSFEVESLQVTPNDHANARAFSHLATKLIEQETDKDTLILDIGSAPSRRMMSTHKYHCVCPMRSAEDPERLVCYAKKLAAASGKVLDREIAGKITDLQTVMATPDAESPTFCLHTDVTCRTAAEVAVYQDVYAVHAPTSLYHQAMKGVRTAYWIGFDTTPFMFDALAGAYPTYATNWADEQVLQARNIGLCAASLTEGRLGKLSILRKKQLKPCDTVMFSVGSTLYTESRKLLRSWHLPSVFHLKGKQSFTCRCDTIVSCEGYVVKKITMCPGLYGKTVGYAVTYHAEGFLVCKTTDTVKGERVSFPVCTYVPSTICDQMTGILATDVTPEDAQKLLVGLNQRIVVNGRTQRNTNTMKNYLLPIVAVAFSKWAREYKADLDDEKPLGVRERSLTCCCLWAFKTRKMHTMYKKPDTQTIVKVPSEFNSFVIPSLWSTGLAIPVRSRIKMLLAKKTKRELIPVLDASSARDAEQEEKERLEAELTREALPPLVPIAPAETGVVDVDVEELEYHAGAGVVETPRSALKVTAQPNDVLLGNYVVLSPQTVLKSSKLAPVHPLAEQVKIITHNGRAGRYQVDGYDGRVLLPCGSAIPVPEFQALSESATMVYNEREFVNRKLYHIAVHGPSLNTDEENYEKVRAERTDAEYVFDVDKKCCVKREEASGLVLVGELTNPPFHEFAYEGLKIRPSAPYKTTVVGVFGVPGSGKSAIIKSLVTKHDLVTSGKKENCQEIVNDVKKHRGLDIQAKTVDSILLNGCRRAVDILYVDEAFACHSGTLLALIALVKPRSKVVLCGDPKQCGFFNMMQLKVNFNHNICTEVCHKSISRRCTRPVTAIVSTLHYGGKMRTTNPCNKPIIIDTTGQTKPKPGDIVLTCFRGWVKQLQLDYRGHEVMTAAASQGLTRKGVYAVRQKVNENPLYAPASEHVNVLLTRTEDRLVWKTLAGDPWIKVLSNIPQGNFTATLEEWQEEHDKIMKVIEGPAAPVDAFQNKANVCWAKSLVPVLDTAGIRLTAEEWSTIITAFKEDRAYSPVVALNEICTKYYGVDLDSGLFSAPKVSLYYENNHWDNRPGGRMYGFNAATAARLEARHTFLKGQWHTGKQAVIAERKIQPLSVLDNVIPINRRLPHALVAEYKTVKGSRVEWLVNKVRGYHVLLVSEYNLALPRRRVTWLSPLNVTGADRCYDLSLGLPADAGRFDLVFVNIHTEFRIHHYQQCVDHAMKLQMLGGDALRLLKPGGSLLMRAYGYADKISEAVVSSLSRKFSSARVLRPDCVTSNTEVFLLFSNFDNGKRPSTLHQMNTKLSAVYAGEAMHTAGCAPSYRVKRADIATCTEAAVVNAANARGTVGDGVCRAVAKKWPSAFKGAATPVGTIKTVMCGSYPVIHAVAPNFSATTEAEGDRELAAVYRAVAAEVNRLSLSSVAIPLLSTGVFSGGRDRLQQSLNHLFTAMDATDADVTIYCRDKSWEKKIQEAIDMRTAVELLNDDVELTTDLVRVHPDSSLVGRKGYSTTDGSLYSYFEGTKFNQAAIDMAEILTLWPRLQEANEQICLYALGETMDNIRSKCPVNDSDSSTPPRTVPCLCRYAMTAERIARLRSHQVKSMVVCSSFPLPKYHVDGVQKVKCEKGLLFDPTVPSVVSPRKYAASTTDHSDRSLRGFDLDWTTDSSSTASDTMSLPSLQSCDIDSIYEPMAPIVVTADVHPEPAGIADLAADVHPEPADHVDLENPIPPPRPKRAAYLASRAAERPVPAPRKPTPAPRTAFRNKLPLTFGDFDEHEVDALASGITFGDFDDVLRLGRAGAYIFSSDTGSGHLQQKSVRQHNLQCAQLDAVEEEKMYPPKLDTEREKLLLLKMQMHPSEANKSRYQSRKVENMKATVVDRLTSGARLYTGADVGRIPTYAVRYPRPVYSPTVIERFSSPDVAIAACNEYLSRNYPTVASYQITDEYDAYLDMVDGSDSCLDRATFCPAKLRCYPKHHAYHQPTVRSAVPSPFQNTLQNVLAAATKRNCNVTQMRELPTMDSAVFNVECFKRYACSGEYWEEYAKQPIRITTENITTYVTKLKGPKAAALFAKTHNLVPLQEVPMDRFTVDMKRDVKVTPGTKHTEERPKVQVIQAAEPLATAYLCGIHRELVRRLNAVLRPNVHTLFDMSAEDFDAIIASHFHPGDPVLETDIASFDKSQDDSLALTGLMILEDLGVDQYLLDLIEAAFGEISSCHLPTGTRFKFGAMMKSGMFLTLFINTVLNITIASRVLEQRLTDSACAAFIGDDNIVHGVISDKLMAERCASWVNMEVKIIDAVMGEKPPYFCGGFIVFDSVTQTACRVSDPLKRLFKLGKPLTAEDKQDEDRRRALSDEVSKWFRTGLGAELEVALTSRYEVEGCKSILIAMATLARDIKAFKKLRGPVIHLYGGPRLVR,"SUBCELLULAR LOCATION: [Polyprotein P1234]: Host cytoplasmic vesicle membrane {ECO:0000305}; Peripheral membrane protein {ECO:0000305}. Note=Part of cytoplasmic vesicles, which are probably formed at the plasma membrane and internalized leading to late endosomal/lysosomal spherules containing the replication complex. {ECO:0000305}.; SUBCELLULAR LOCATION: [Polyprotein P123']: Host cytoplasmic vesicle membrane {ECO:0000305}; Peripheral membrane protein {ECO:0000305}. Note=Part of cytoplasmic vesicles, which are probably formed at the plasma membrane and internalized leading to late endosomal/lysosomal spherules containing the replication complex. {ECO:0000305}.; SUBCELLULAR LOCATION: [Polyprotein P123]: Host cytoplasmic vesicle membrane {ECO:0000305}; Peripheral membrane protein {ECO:0000305}. Note=Part of cytoplasmic vesicles, which are probably formed at the plasma membrane and internalized leading to late endosomal/lysosomal spherules containing the replication complex. {ECO:0000305}.; SUBCELLULAR LOCATION: [mRNA-capping enzyme nsP1]: Host cytoplasmic vesicle membrane {ECO:0000305|PubMed:7747433}; Lipid-anchor {ECO:0000305|PubMed:17093195, ECO:0000305|PubMed:8910486}. Host cell membrane {ECO:0000269|PubMed:17554031, ECO:0000269|PubMed:7747433}; Lipid-anchor {ECO:0000305|PubMed:17093195, ECO:0000305|PubMed:8910486}; Cytoplasmic side {ECO:0000269|PubMed:7747433}. Host cell projection, host filopodium {ECO:0000269|PubMed:17554031, ECO:0000269|PubMed:8910486}. Note=In the late phase of infection, the polyprotein is quickly cleaved before localization to cellular membranes. Then a fraction of nsP1 localizes to the inner surface of the plasma membrane and its filopodial extensions. Only the palmitoylated nsP1 localizes to the host filopodia (PubMed:8910486, PubMed:17554031). NsP1 is also part of cytoplasmic vesicles, which are probably formed at the plasma membrane and internalized leading to late endosomal/lysosomal spherules containing the replication complex (PubMed:28104453). {ECO:0000269|PubMed:17554031, ECO:0000269|PubMed:8910486, ECO:0000303|PubMed:28104453}.; SUBCELLULAR LOCATION: [Protease nsP2]: Host cytoplasmic vesicle membrane {ECO:0000305|PubMed:1386484}; Peripheral membrane protein {ECO:0000305}. Host nucleus {ECO:0000269|PubMed:1386484, ECO:0000269|PubMed:17652399, ECO:0000269|PubMed:8610462}. Host cytoplasm {ECO:0000269|PubMed:8610462}. Note=In the late phase of infection, the polyprotein is quickly cleaved before localization to cellular membranes. Then approximately half of nsP2 is found in the nucleus (PubMed:8610462). Shuttles between cytoplasm and nucleus (By similarity). NsP2 is also part of cytoplasmic vesicles, which are probably formed at the plasma membrane and internalized leading to late endosomal/lysosomal spherules containing the replication complex (PubMed:28104453). {ECO:0000250|UniProtKB:P27282, ECO:0000269|PubMed:8610462, ECO:0000303|PubMed:28104453}.; SUBCELLULAR LOCATION: [Non-structural protein 3]: Host cytoplasmic vesicle membrane {ECO:0000250|UniProtKB:P03317}; Peripheral membrane protein {ECO:0000305}. Note=In the late phase of infection, the polyprotein is quickly cleaved before localization to cellular membranes. Then nsP3 and nsP3' form aggregates in cytoplasm (By similarity). NsP3 is also part of cytoplasmic vesicles, which are probably formed at the plasma membrane and internalized leading to late endosomal/lysosomal spherules containing the replication complex (By similarity). {ECO:0000250|UniProtKB:P03317}.; SUBCELLULAR LOCATION: [Non-structural protein 3']: Host cytoplasmic vesicle membrane {ECO:0000250|UniProtKB:P03317}; Peripheral membrane protein {ECO:0000305}. Note=In the late phase of infection, the polyprotein is quickly cleaved before localization to cellular membranes. Then nsP3 and nsP3' form aggregates in cytoplasm (By similarity). NsP3 is also part of cytoplasmic vesicles, which are probably formed at the plasma membrane and internalized leading to late endosomal/lysosomal spherules containing the replication complex (By similarity). {ECO:0000250|UniProtKB:P03317}.; SUBCELLULAR LOCATION: [RNA-directed RNA polymerase nsP4]: Host cytoplasmic vesicle membrane; Peripheral membrane protein {ECO:0000269|PubMed:2904446}. Note=NsP4 is part of cytoplasmic vesicles, which are probably formed at the plasma membrane and internalized leading to late endosomal/lysosomal spherules containing the replication complex. {ECO:0000303|PubMed:28104453}.",,,"LIPID 418; /note=""S-palmitoyl cysteine; by host""; /evidence=""ECO:0000269|PubMed:10888610, ECO:0000269|PubMed:8910486""; LIPID 420; /note=""S-palmitoyl cysteine; by host""; /evidence=""ECO:0000269|PubMed:10888610, ECO:0000269|PubMed:8910486"""
P08491,POLS_RRVT,Structural polyprotein (p130) [Cleaved into: Capsid protein (EC 3.4.21.90) (Coat protein) (C); Precursor of protein E3/E2 (p62) (pE2); Assembly protein E3; Spike glycoprotein E2 (E2 envelope glycoprotein); 6K protein; Spike glycoprotein E1 (E1 envelope glycoprotein)],,Ross river virus (strain T48) (RRV),1254,Uniprot,MNYIPTQTFYGRRWRPRPAFRPWQVSMQPTPTMVTPMLQAPDLQAQQMQQLISAVSALTTKQNVKAPKGQRQKKQQKPKEKKENQKKKPTQKKKQQQKPKPQAKKKKPGRRERMCMKIENDCIFEVKLDGKVTGYACLVGDKVMKPAHVKGTIDNPDLAKLTYKKSSKYDLECAQIPVHMKSDASKYTHEKPEGHYNWHHGAVQYSGGRFTIPTGAGKPGDSGRPIFDNKGRVVAIVLGGANEGARTALSVVTWTKDMVTRVTPEGTEEWSAALMMCILANTSFPCSSPPCYPCCYEKQPEQTLRMLEDNVNRPGYYELLEASMTCRNRSRHRRSVTEHFNVYKATRPYLAYCADCGDGYFCYSPVAIEKIRDEAPDGMLKIQVSAQIGLDKAGTHAHTKIRYMAGHDVQESKRDSLRVYTSAACSIHGTMGHFIVAHCPPGDYLKVSFEDADSHVKACKVQYKHDPLPVGREKFVVRPHFGVELPCTSYQLTTAPTDEEIDMHTPPDIPDRTLLSQTAGNVKITAGGRTIRYNCTCGRDNVGTTSTDKTINTCKIDQCHAAVTSHDKWQFTSPFVPRADQTARRGKVHVPFPLTNVTCRVPLARAPDVTYGKKEVTLRLHPDHPTLFSYRSLGAEPHPYEEWVDKFSERIIPVTEEGIEYQWGNNPPVRLWAQLTTEGKPHGWPHEIIQYYYGLYPAATIAAVSGASLMALLTLAATCCMLATARRKCLTPYALTPGAVVPLTLGLLCCAPRANAASFAETMAYLWDENKTLFWMEFAAPAAALALLACCIKSLICCCKPFSFLVLLSLGASAKAYEHTATIPNVVGFPYKAHIERNGFSPMTLQLEVVETSWEPTLNLEYITCEYKTVVPSPFIKCCGTSECSSKEQPDYQCKVYTGVYPFMWGGAYCFCDSENTQLSEAYVDRSDVCKHDHASAYKAHTASLKATIRISYGTINQTTEAFVNGEHAVNVGGSKFIFGPISTAWSPFDNKIVVYKDDVYNQDFPPYGSGQPGRFGDIQSRTVESKDLYANTALKLSRPSPGVVHVPYTPTPSGFKYWLKEKGSSLNTKAPFGCKIKTNPVRAMDCAVGSIPVSMDIPDSAFTRVVDAPAVTDLSCQVVVCTHSSDFGGVATLSYKTDKPGKCAVHSHSNVATLQEATVDVKEDGKVTVHFSTASASPAFKVSVCDAKTTCTAACEPPKDHIVPYGASHNNQVFPDMSGTAMTWVQRLASGLGGLALIAVVVLVLVTCITMRR,"SUBCELLULAR LOCATION: [Capsid protein]: Virion {ECO:0000250|UniProtKB:P03316}. Host cytoplasm {ECO:0000250|UniProtKB:Q8JUX5}. Host cell membrane {ECO:0000250|UniProtKB:P03316}. Host nucleus {ECO:0000250|UniProtKB:Q8JUX5}. Note=Shuttles between the cytoplasm and the nucleus. {ECO:0000250|UniProtKB:Q8JUX5}.; SUBCELLULAR LOCATION: [Spike glycoprotein E2]: Virion membrane {ECO:0000250|UniProtKB:Q8JUX5}; Single-pass type I membrane protein {ECO:0000255}. Host cell membrane {ECO:0000250|UniProtKB:P03316}; Single-pass type I membrane protein {ECO:0000250|UniProtKB:Q8JUX5}.; SUBCELLULAR LOCATION: [6K protein]: Host cell membrane {ECO:0000250|UniProtKB:P03316}; Multi-pass membrane protein {ECO:0000255}. Virion membrane {ECO:0000250|UniProtKB:P03316}; Multi-pass membrane protein {ECO:0000255}.; SUBCELLULAR LOCATION: [Spike glycoprotein E1]: Virion membrane {ECO:0000250|UniProtKB:Q8JUX5}; Single-pass type I membrane protein {ECO:0000255}. Host cell membrane {ECO:0000250|UniProtKB:P03316, ECO:0000250|UniProtKB:Q8JUX5}; Single-pass type I membrane protein {ECO:0000255}.","TOPO_DOM 271..694; /note=""Extracellular""; /evidence=""ECO:0000255""; TOPO_DOM 716..756; /note=""Cytoplasmic""; /evidence=""ECO:0000255""; TOPO_DOM 757..771; /note=""Extracellular""; /evidence=""ECO:0000255""; TOPO_DOM 793; /note=""Cytoplasmic""; /evidence=""ECO:0000255""; TOPO_DOM 815..1231; /note=""Extracellular""; /evidence=""ECO:0000255""; TOPO_DOM 1253..1254; /note=""Cytoplasmic""; /evidence=""ECO:0000255""","TRANSMEM 695..715; /note=""Helical""; /evidence=""ECO:0000255""; TRANSMEM 772..792; /note=""Helical""; /evidence=""ECO:0000255""; TRANSMEM 794..814; /note=""Helical""; /evidence=""ECO:0000255""; TRANSMEM 1232..1252; /note=""Helical""; /evidence=""ECO:0000255""","LIPID 719; /note=""S-palmitoyl cysteine; by host""; /evidence=""ECO:0000255""; LIPID 729; /note=""S-palmitoyl cysteine; by host""; /evidence=""ECO:0000250""; LIPID 749; /note=""S-palmitoyl cysteine; by host""; /evidence=""ECO:0000250""; LIPID 750; /note=""S-palmitoyl cysteine; by host""; /evidence=""ECO:0000250""; LIPID 1249; /note=""S-stearoyl cysteine; by host""; /evidence=""ECO:0000250"""
P0CK62,TEG7_EBVG,Tegument protein UL51 homolog,BSRF1,Epstein-Barr virus (strain GD1) (HHV-4) (Human herpesvirus 4),218,Uniprot,MAFYLPDWSCCGLWLFGRPRNRYSQLPEEPETFECPDRWRAEIDLGLPPGVQVGDLLRNEQTMGSLRQVYLLAVQANSITDHLKRFDAVRVPESCRGVVEAQVAKLEAVRSVIWNTMISLAVSGIEMDENGLKALLDKQAGDSLALMEMEKVATALKMDETGAWAQEISAVVSSVTAPSASAPFINSAFEPEVPTPVLAPPPVVRQPEHSGPTELALT,SUBCELLULAR LOCATION: Host cytoplasm {ECO:0000250|UniProtKB:P0CK49}. Virion {ECO:0000250|UniProtKB:P0CK49}. Host Golgi apparatus {ECO:0000250|UniProtKB:P0CK49}. Note=Probably part of the virion tugument. {ECO:0000250|UniProtKB:P0CK49}.,,,"LIPID 11; /note=""S-palmitoyl cysteine; by host""; /evidence=""ECO:0000250|UniProtKB:P10235"""
P0DOK1,POLSF_CHIKS,Frameshifted structural polyprotein (p130) [Cleaved into: Capsid protein (EC 3.4.21.90) (Coat protein) (C); Precursor of protein E3/E2 (p62) (pE2); Assembly protein E3; Spike glycoprotein E2 (E2 envelope glycoprotein); Protein TF],,Chikungunya virus (strain S27-African prototype) (CHIKV),824,Uniprot,MEFIPTQTFYNRRYQPRPWTPRPTIQVIRPRPRPQRQAGQLAQLISAVNKLTMRAVPQQKPRKNRKNKKQKQKQQAPQNNTNQKKQPPKKKPAQKKKKPGRRERMCMKIENDCIFEVKHEGKVTGYACLVGDKVMKPAHVKGTIDNADLAKLAFKRSSKYDLECAQIPVHMKSDASKFTHEKPEGYYNWHHGAVQYSGGRFTIPTGAGKPGDSGRPIFDNKGRVVAIVLGGANEGARTALSVVTWNKDIVTKITPEGAEEWSLAIPVMCLLANTTFPCSQPPCIPCCYEKEPEETLRMLEDNVMRPGYYQLLQASLTCSPHRQRRSTKDNFNVYKATRPYLAHCPDCGEGHSCHSPVALERIRNEATDGTLKIQVSLQIGIGTDDSHDWTKLRYMDNHIPADAGRAGLFVRTSAPCTITGTMGHFILARCPKGETLTVGFTDSRKISHSCTHPFHHDPPVIGREKFHSRPQHGKELPCSTYVQSNAATAEEIEVHMPPDTPDRTLLSQQSGNVKITVNSQTVRYKCNCGGSNEGLITTDKVINNCKVDQCHAAVTNHKKWQYNSPLVPRNAELGDRKGKIHIPFPLANVTCMVPKARNPTVTYGKNQVIMLLYPDHPTLLSYRSMGEEPNYQEEWVTHKKEVVLTVPTEGLEVTWGNNEPYKYWPQLSANGTAHGHPHEIILYYYELYPTMTVVVVSVASFILLSMVGMAVGMCMCARRRCITPYELTPGATVPFLLSLICCIRTAKAATYQEAAVYLWNEQQPLFWLQALIPLAALIVLCNCLRLLPCCCKTLAFLSRNEHRCPHCERVRTRNSDPEHGGSTV,SUBCELLULAR LOCATION: [Capsid protein]: Virion {ECO:0000250|UniProtKB:P03316}. Host cytoplasm {ECO:0000250|UniProtKB:Q8JUX5}. Host cell membrane {ECO:0000250|UniProtKB:P03316}. Host nucleus {ECO:0000250|UniProtKB:Q8JUX5}. Note=Shuttles between the cytoplasm and the nucleus. {ECO:0000250|UniProtKB:Q8JUX5}.; SUBCELLULAR LOCATION: [Spike glycoprotein E2]: Virion membrane {ECO:0000250|UniProtKB:Q8JUX5}; Single-pass type I membrane protein {ECO:0000255}. Host cell membrane {ECO:0000269|PubMed:21762510}; Single-pass type I membrane protein {ECO:0000250|UniProtKB:Q8JUX5}.,"TOPO_DOM 262..692; /note=""Extracellular""; /evidence=""ECO:0000255""; TOPO_DOM 714..748; /note=""Cytoplasmic""; /evidence=""ECO:0000255""; TOPO_DOM 749..763; /note=""Extracellular""; /evidence=""ECO:0000255""; TOPO_DOM 785..795; /note=""Cytoplasmic""; /evidence=""ECO:0000255""","TRANSMEM 693..713; /note=""Helical""; /evidence=""ECO:0000255""; TRANSMEM 764..784; /note=""Helical""; /evidence=""ECO:0000255""","LIPID 721; /note=""S-palmitoyl cysteine; by host""; /evidence=""ECO:0000250""; LIPID 741; /note=""S-palmitoyl cysteine; by host""; /evidence=""ECO:0000250""; LIPID 742; /note=""S-palmitoyl cysteine; by host""; /evidence=""ECO:0000250"""
P0DTC2,SPIKE_SARS2,Spike glycoprotein (S glycoprotein) (E2) (Peplomer protein) [Cleaved into: Spike protein S1; Spike protein S2; Spike protein S2'],S 2,Severe acute respiratory syndrome coronavirus 2 (2019-nCoV) (SARS-CoV-2),1273,Uniprot,MFVFLVLLPLVSSQCVNLTTRTQLPPAYTNSFTRGVYYPDKVFRSSVLHSTQDLFLPFFSNVTWFHAIHVSGTNGTKRFDNPVLPFNDGVYFASTEKSNIIRGWIFGTTLDSKTQSLLIVNNATNVVIKVCEFQFCNDPFLGVYYHKNNKSWMESEFRVYSSANNCTFEYVSQPFLMDLEGKQGNFKNLREFVFKNIDGYFKIYSKHTPINLVRDLPQGFSALEPLVDLPIGINITRFQTLLALHRSYLTPGDSSSGWTAGAAAYYVGYLQPRTFLLKYNENGTITDAVDCALDPLSETKCTLKSFTVEKGIYQTSNFRVQPTESIVRFPNITNLCPFGEVFNATRFASVYAWNRKRISNCVADYSVLYNSASFSTFKCYGVSPTKLNDLCFTNVYADSFVIRGDEVRQIAPGQTGKIADYNYKLPDDFTGCVIAWNSNNLDSKVGGNYNYLYRLFRKSNLKPFERDISTEIYQAGSTPCNGVEGFNCYFPLQSYGFQPTNGVGYQPYRVVVLSFELLHAPATVCGPKKSTNLVKNKCVNFNFNGLTGTGVLTESNKKFLPFQQFGRDIADTTDAVRDPQTLEILDITPCSFGGVSVITPGTNTSNQVAVLYQDVNCTEVPVAIHADQLTPTWRVYSTGSNVFQTRAGCLIGAEHVNNSYECDIPIGAGICASYQTQTNSPRRARSVASQSIIAYTMSLGAENSVAYSNNSIAIPTNFTISVTTEILPVSMTKTSVDCTMYICGDSTECSNLLLQYGSFCTQLNRALTGIAVEQDKNTQEVFAQVKQIYKTPPIKDFGGFNFSQILPDPSKPSKRSFIEDLLFNKVTLADAGFIKQYGDCLGDIAARDLICAQKFNGLTVLPPLLTDEMIAQYTSALLAGTITSGWTFGAGAALQIPFAMQMAYRFNGIGVTQNVLYENQKLIANQFNSAIGKIQDSLSSTASALGKLQDVVNQNAQALNTLVKQLSSNFGAISSVLNDILSRLDKVEAEVQIDRLITGRLQSLQTYVTQQLIRAAEIRASANLAATKMSECVLGQSKRVDFCGKGYHLMSFPQSAPHGVVFLHVTYVPAQEKNFTTAPAICHDGKAHFPREGVFVSNGTHWFVTQRNFYEPQIITTDNTFVSGNCDVVIGIVNNTVYDPLQPELDSFKEELDKYFKNHTSPDVDLGDISGINASVVNIQKEIDRLNEVAKNLNESLIDLQELGKYEQYIKWPWYIWLGFIAGLIAIVMVTIMLCCMTSCCSCLKGCCSCGSCCKFDEDDSEPVLKGVKLHYT,"SUBCELLULAR LOCATION: Virion membrane {ECO:0000255|HAMAP-Rule:MF_04099, ECO:0000269|PubMed:32979942}; Single-pass type I membrane protein {ECO:0000255|HAMAP-Rule:MF_04099, ECO:0000269|PubMed:34504087}. Host endoplasmic reticulum-Golgi intermediate compartment membrane {ECO:0000255|HAMAP-Rule:MF_04099, ECO:0000269|PubMed:34504087}; Single-pass type I membrane protein {ECO:0000255|HAMAP-Rule:MF_04099}. Host cell membrane {ECO:0000255|HAMAP-Rule:MF_04099, ECO:0000269|PubMed:34504087}; Single-pass type I membrane protein {ECO:0000255|HAMAP-Rule:MF_04099}. Note=Accumulates in the endoplasmic reticulum-Golgi intermediate compartment, where it participates in virus particle assembly. Some S oligomers are transported to the host plasma membrane, where they may mediate cell-cell fusion (PubMed:34504087). An average of 26 +/-15 S trimers are found randomly distributed at the surface of the virion (PubMed:32979942). {ECO:0000255|HAMAP-Rule:MF_04099, ECO:0000269|PubMed:32979942, ECO:0000269|PubMed:34504087}.","TOPO_DOM 14..1213; /note=""Extracellular""; /evidence=""ECO:0000255|HAMAP-Rule:MF_04099""; TOPO_DOM 1235..1273; /note=""Cytoplasmic""; /evidence=""ECO:0000255|HAMAP-Rule:MF_04099""","TRANSMEM 1214..1234; /note=""Helical""; /evidence=""ECO:0000255|HAMAP-Rule:MF_04099""","LIPID 1235; /note=""S-palmitoyl cysteine; by host ZDHHC20""; /evidence=""ECO:0000269|PubMed:34599882""; LIPID 1236; /note=""S-palmitoyl cysteine; by host ZDHHC20""; /evidence=""ECO:0000269|PubMed:34599882""; LIPID 1240; /note=""S-palmitoyl cysteine; by host ZDHHC20""; /evidence=""ECO:0000269|PubMed:34599882""; LIPID 1241; /note=""S-palmitoyl cysteine; by host ZDHHC20""; /evidence=""ECO:0000269|PubMed:34599882""; LIPID 1243; /note=""S-palmitoyl cysteine; by host ZDHHC20""; /evidence=""ECO:0000269|PubMed:34599882""; LIPID 1247; /note=""S-palmitoyl cysteine; by host ZDHHC20; partial""; /evidence=""ECO:0000269|PubMed:34599882""; LIPID 1248; /note=""S-palmitoyl cysteine; by host ZDHHC20; partial""; /evidence=""ECO:0000269|PubMed:34599882""; LIPID 1250; /note=""S-palmitoyl cysteine; by host ZDHHC20; partial""; /evidence=""ECO:0000269|PubMed:34599882""; LIPID 1253; /note=""S-palmitoyl cysteine; by host ZDHHC20; partial""; /evidence=""ECO:0000269|PubMed:34599882""; LIPID 1254; /note=""S-palmitoyl cysteine; by host ZDHHC20; partial""; /evidence=""ECO:0000269|PubMed:34599882"""
P11224,SPIKE_CVMA5,Spike glycoprotein (S glycoprotein) (E2) (Peplomer protein) [Cleaved into: Spike protein S1; Spike protein S2; Spike protein S2'],S 3,Murine coronavirus (strain A59) (MHV-A59) (Murine hepatitis virus),1324,Viet,MLFVFILFLPSCLGYIGDFRCIQLVNSNGANVSAPSISTETVEVSQGLGTYYVLDRVYLNATLLLTGYYPVDGSKFRNLALRGTNSVSLSWFQPPYLNQFNDGIFAKVQNLKTSTPSGATAYFPTIVIGSLFGYTSYTVVIEPYNGVIMASVCQYTICQLPYTDCKPNTNGNKLIGFWHTDVKPPICVLKRNFTLNVNADAFYFHFYQHGGTFYAYYADKPSATTFLFSVYIGDILTQYYVLPFICNPTAGSTFAPRYWVTPLVKRQYLFNFNQKGVITSAVDCASSYTSEIKCKTQSMLPSTGVYELSGYTVQPVGVVYRRVANLPACNIEEWLTARSVPSPLNWERKTFQNCNFNLSSLLRYVQAESLFCNNIDASKVYGRCFGSISVDKFAVPRSRQVDLQLGNSGFLQTANYKIDTAATSCQLHYTLPKNNVTINNHNPSSWNRRYGFNDAGVFGKNQHDVVYAQQCFTVRSSYCPCAQPDIVSPCTTQTKPKSAFVNVGDHCEGLGVLEDNCGNADPHKGCICANNSFIGWSHDTCLVNDRCQIFANILLNGINSGTTCSTDLQLPNTEVVTGICVKYDLYGITGQGVFKEVKADYYNSWQTLLYDVNGNLNGFRDLTTNKTYTIRSCYSGRVSAAFHKDAPEPALLYRNINCSYVFSNNISREENPLNYFDSYLGCVVNADNRTDEALPNCDLRMGAGLCVDYSKSRRAHRSVSTGYRLTTFEPYTPMLVNDSVQSVDGLYEMQIPTNFTIGHHEEFIQTRSPKVTIDCAAFVCGDNTACRQQLVEYGSFCVNVNAILNEVNNLLDNMQLQVASALMQGVTISSRLPDGISGPIDDINFSPLLGCIGSTCAEDGNGPSAIRGRSAIEDLLFDKVKLSDVGFVEAYNNCTGGQEVRDLLCVQSFNGIKVLPPVLSESQISGYTTGATAAAMFPPWSAAAGVPFSLSVQYRINGLGVTMNVLSENQKMIASAFNNALGAIQDGFDATNSALGKIQSVVNANAEALNNLLNQLSNRFGAISASLQEILTRLEAVEAKAQIDRLINGRLTALNAYISKQLSDSTLIKVSAAQAIEKVNECVKSQTTRINFCGNGNHILSLVQNAPYGLYFIHFSYVPISFTTANVSPGLCISGDRGLAPKAGYFVQDDGEWKFTGSSYYYPEPITDKNSVIMSSCAVNYTKAPEVFLNTSIPNPPDFKEELDKWFKNQTSIAPDLSLDFEKLNVTLLDLTYEMNRIQDAIKKLNESYINLKEVGTYEMYVKWPWYVWLLIGLAGVAVCVLLFFICCCTGCGSCCFKKCGNCCDEYGGHQDSIVIHNISSHED,"SUBCELLULAR LOCATION: Virion membrane {ECO:0000255|HAMAP-Rule:MF_04099}; Single-pass type I membrane protein {ECO:0000255|HAMAP-Rule:MF_04099}. Host endoplasmic reticulum-Golgi intermediate compartment membrane {ECO:0000255|HAMAP-Rule:MF_04099}; Single-pass type I membrane protein {ECO:0000255|HAMAP-Rule:MF_04099}. Host cell membrane {ECO:0000255|HAMAP-Rule:MF_04099}; Single-pass type I membrane protein {ECO:0000255|HAMAP-Rule:MF_04099}. Note=Accumulates in the endoplasmic reticulum-Golgi intermediate compartment, where it participates in virus particle assembly. Some S oligomers are transported to the host plasma membrane, where they may mediate cell-cell fusion. {ECO:0000255|HAMAP-Rule:MF_04099}.","TOPO_DOM 14..1265; /note=""Extracellular""; /evidence=""ECO:0000255|HAMAP-Rule:MF_04099""; TOPO_DOM 1287..1324; /note=""Cytoplasmic""; /evidence=""ECO:0000255|HAMAP-Rule:MF_04099""","TRANSMEM 1266..1286; /note=""Helical""; /evidence=""ECO:0000255|HAMAP-Rule:MF_04099""","LIPID 1287; /note=""S-palmitoyl cysteine; by host""; / LIPID 1288; /note=""S-palmitoyl cysteine; by host""; /LIPID 1289; /note=""S-palmitoyl cysteine; by host""; /LIPID 1292; /note=""S-palmitoyl cysteine; by host""; /LIPID 1295; /note=""S-palmitoyl cysteine; by host""; / LIPID 1296; /note=""S-palmitoyl cysteine; by host""; / LIPID 1300; /note=""S-palmitoyl cysteine; by host""; / LIPID 1303; /note=""S-palmitoyl cysteine; by host""; / LIPID 1304; /note=""S-palmitoyl cysteine; by host"""
P12568,FUS_HRSV,Fusion glycoprotein F0 [Cleaved into: Fusion glycoprotein F2 (F2); p27 (Intervening segment) (Pep27) (Peptide 27); Fusion glycoprotein F1 (F1)],F,Human respiratory syncytial virus,574,Uniprot,MELPILKANAITTILAAVTFCFASSQNITEEFYQSTCSAVSKGYLSALRTGWYTSVITIELSNIKENKCNGTDAKVKLINQELDKYKNAVTELQLLMQSTTAANNRARRELPRFMNYTLNNTKKTNVTLSKKRKRRFLGFLLGVGSAIASGIAVSKVLHLEGEVNKIKSALLSTNKAVVSLSNGVSVLTSKVLDLKNYIDKQLLPIVNKQSCRISNIETVIEFQQKNNRLLEITREFSVNAGVTTPVSTYMLTNSELLSLINDMPITNDQKKLMSNNVQIVRQQSYSIMSIIKEEVLAYVVQLPLYGVIDTPCWKLHTSPLCTTNTKEGSNICLTRTDRGWYCDNAGSVSFFPQAETCKVQSNRVFCDTMNSLTLPSEVNLCNVDIFNPKYDCKIMTSKTDVSSSVITSLGAIVSCYGKTKCTASNKNRGIIKTFSNGCDYVSNKGVDTVSVGNTLYYVNKQEGKSLYVKGEPIINFYDPLVFPSDEFDASISQVNEKINQSLAFIRKSDELLHHVNAGKSTTNIMITTIIIVIIVILLSLIAVGLLLYCKARSTPVTLSKDQLSGINNIAFSN,SUBCELLULAR LOCATION: [Fusion glycoprotein F0]: Host Golgi apparatus membrane {ECO:0000250|UniProtKB:P03420}; Single-pass membrane protein {ECO:0000250|UniProtKB:P03420}.; SUBCELLULAR LOCATION: [Fusion glycoprotein F1]: Virion membrane {ECO:0000250|UniProtKB:P03420}; Single-pass type I membrane protein {ECO:0000250|UniProtKB:P03420}. Host cell membrane {ECO:0000250|UniProtKB:P03420}; Single-pass membrane protein {ECO:0000250|UniProtKB:P03420}. Note=Localized at the host apical membrane. {ECO:0000250|UniProtKB:P03420}.; SUBCELLULAR LOCATION: [Fusion glycoprotein F2]: Virion membrane {ECO:0000250|UniProtKB:P03420}. Host cell membrane {ECO:0000250|UniProtKB:P03420}. Note=Localized at the host apical membrane. {ECO:0000250|UniProtKB:P03420}.,"TOPO_DOM 26..524; /note=""Extracellular""; /evidence=""ECO:0000250|UniProtKB:P03420""; TOPO_DOM 551..574; /note=""Cytoplasmic""; /evidence=""ECO:0000250|UniProtKB:P03420""","TRANSMEM 525..550; /note=""Helical""; /evidence=""ECO:0000250|UniProtKB:P03420""","LIPID 550; /note=""S-palmitoyl cysteine; by host""; /evidence=""ECO:0000250|UniProtKB:P03420"""
P13285,LMP2_EBVB9,Latent membrane protein 2 (Terminal protein),LMP2,Epstein-Barr virus (strain B95-8) (HHV-4) (Human herpesvirus 4),497,Swisspalm,MGSLEMVPMGAGPPSPGGDPDGYDGGNNSQYPSASGSSGNTPTPPNDEERESNEEPPPPYEDPYWGNGDRHSDYQPLGTQDQSLYLGLQHDGNDGLPPPPYSPRDDSSQHIYEEAGRGSMNPVCLPVIVAPYLFWLAAIAASCFTASVSTVVTATGLALSLLLLAAVASSYAAAQRKLLTPVTVLTAVVTFFAICLTWRIEDPPFNSLLFALLAAAGGLQGIYVLVMLVLLILAYRRRWRRLTVCGGIMFLACVLVLIVDAVLQLSPLLGAVTVVSMTLLLLAFVLWLSSPGGLGTLGAALLTLAAALALLASLILGTLNLTTMFLLMLLWTLVVLLICSSCSSCPLSKILLARLFLYALALLLLASALIAGGSILQTNFKSLSSTEFIPNLFCMLLLIVAGILFILAILTEWGSGNRTYGPVFMCLGGLLTMVAGAVWLTVMSNTLLSAWILTAGFLIFLIGFALFGVIRCCRYCCYYCLTLESEERPPTPYRNTV,"SUBCELLULAR LOCATION: [Isoform LMP2A]: Host cell membrane {ECO:0000269|PubMed:11163230, ECO:0000269|PubMed:11961256}; Multi-pass membrane protein {ECO:0000269|PubMed:11163230, ECO:0000269|PubMed:11961256}. Note=Isoform LMP2A is localized in plasma membrane lipid rafts. {ECO:0000269|PubMed:11163230}.; SUBCELLULAR LOCATION: [Isoform LMP2B]: Host endomembrane system {ECO:0000269|PubMed:11961256}; Multi-pass membrane protein {ECO:0000269|PubMed:11961256}. Host cytoplasm, host perinuclear region {ECO:0000269|PubMed:11961256}. Note=Isoform LMP2B localizes to perinuclear regions. {ECO:0000269|PubMed:11961256}.","TOPO_DOM 1..123; /note=""Cytoplasmic""; /evidence=""ECO:0000255""; TOPO_DOM 145..147; /note=""Extracellular""; /evidence=""ECO:0000255""; TOPO_DOM 169..177; /note=""Cytoplasmic""; /evidence=""ECO:0000255""; TOPO_DOM 199..211; /note=""Extracellular""; /evidence=""ECO:0000255""; TOPO_DOM 233..241; /note=""Cytoplasmic""; /evidence=""ECO:0000255""; TOPO_DOM 263..267; /note=""Extracellular""; /evidence=""ECO:0000255""; TOPO_DOM 289..296; /note=""Cytoplasmic""; /evidence=""ECO:0000255""; TOPO_DOM 318; /note=""Extracellular""; /evidence=""ECO:0000255""; TOPO_DOM 340..354; /note=""Cytoplasmic""; /evidence=""ECO:0000255""; TOPO_DOM 376..388; /note=""Extracellular""; /evidence=""ECO:0000255""; TOPO_DOM 410..422; /note=""Cytoplasmic""; /evidence=""ECO:0000255""; TOPO_DOM 444..449; /note=""Extracellular""; /evidence=""ECO:0000255""; TOPO_DOM 471..497; /note=""Cytoplasmic""; /evidence=""ECO:0000255""","TRANSMEM 124..144; /note=""Helical""; /evidence=""ECO:0000255""; TRANSMEM 148..168; /note=""Helical""; /evidence=""ECO:0000255""; TRANSMEM 178..198; /note=""Helical""; /evidence=""ECO:0000255""; TRANSMEM 212..232; /note=""Helical""; /evidence=""ECO:0000255""; TRANSMEM 242..262; /note=""Helical""; /evidence=""ECO:0000255""; TRANSMEM 268..288; /note=""Helical""; /evidence=""ECO:0000255""; TRANSMEM 297..317; /note=""Helical""; /evidence=""ECO:0000255""; TRANSMEM 319..339; /note=""Helical""; /evidence=""ECO:0000255""; TRANSMEM 355..375; /note=""Helical""; /evidence=""ECO:0000255""; TRANSMEM 389..409; /note=""Helical""; /evidence=""ECO:0000255""; TRANSMEM 423..443; /note=""Helical""; /evidence=""ECO:0000255""; TRANSMEM 450..470; /note=""Helical""; /evidence=""ECO:0000255""","LIPID 472; /note=""S-palmitoyl cysteine; by host""; / LIPID 473; /note=""S-palmitoyl cysteine; by host""; / LIPID 476; /note=""S-palmitoyl cysteine; by host""; / LIPID 477; /note=""S-palmitoyl cysteine; by host""; / LIPID 480; /note=""S-palmitoyl cysteine; by host"""
P17501,FUS_NPVAC,Major envelope glycoprotein (gp64),GP64 GP67 ORF128,Autographa californica nuclear polyhedrosis virus (AcMNPV),512,Uniprot,MVSAIVLYVLLAAAAHSAFAAEHCNAQMKTGPYKIKNLDITPPKETLQKDVEITIVETDYNENVIIGYKGYYQAYAYNGGSLDPNTRVEETMKTLNVGKEDLLMWSIRQQCEVGEELIDRWGSDSDDCFRDNEGRGQWVKGKELVKRQNNNHFAHHTCNKSWRCGISTSKMYSRLECQDDTDECQVYILDAEGNPINVTVDTVLHRDGVSMILKQKSTFTTRQIKAACLLIKDDKNNPESVTREHCLIDNDIYDLSKNTWNCKFNRCIKRKVEHRVKKRPPTWRHNVRAKYTEGDTATKGDLMHIQEELMYENDLLKMNIELMHAHINKLNNMLHDLIVSVAKVDERLIGNLMNNSVSSTFLSDDTFLLMPCTNPPAHTSNCYNNSIYKEGRWVANTDSSQCIDFSNYKELAIDDDVEFWIPTIGNTTYHDSWKDASGWSFIAQQKSNLITTMENTKFGGVGTSLSDITSMAEGELAAKLTSFMFGHVVNFVIILIVILFLYCMIRNRNRQY,SUBCELLULAR LOCATION: Virion membrane {ECO:0000269|PubMed:25142609}; Single-pass membrane protein {ECO:0000305}. Host cell membrane {ECO:0000269|PubMed:12743283}; Single-pass membrane protein {ECO:0000305}.,,"TRANSMEM 482..504; /note=""Helical""; /evidence=""ECO:0000255""","LIPID 503; /note=""S-palmitoyl cysteine; by host""; /evidence=""ECO:0000269|PubMed:12743283"""
P27958,POLG_HCV77,Genome polyprotein [Cleaved into: Core protein precursor (Capsid protein C) (p23); Mature core protein (p21); Envelope glycoprotein E1 (gp32) (gp35); Envelope glycoprotein E2 (NS1) (gp68) (gp70); Viroporin p7; Protease NS2 (p23) (EC 3.4.22.-) (Non-structural protein 2) (NS2); Serine protease/helicase NS3 (EC 3.4.21.98) (EC 3.6.1.15) (EC 3.6.4.13) (Hepacivirin) (NS3 helicase) (NS3 protease) (NS3P) (Viroporin p70); Non-structural protein 4A (NS4A) (p8); Non-structural protein 4B (NS4B) (p27); Non-structural protein 5A (NS5A) (p56/58); RNA-directed RNA polymerase (EC 2.7.7.48) (NS5B) (p68)],,Hepatitis C virus genotype 1a (isolate H77) (HCV),3011,Uniprot,MSTNPKPQRKTKRNTNRRPQDVKFPGGGQIVGGVYLLPRRGPRLGVRATRKTSERSQPRGRRQPIPKARRPEGRTWAQPGYPWPLYGNEGCGWAGWLLSPRGSRPSWGPTDPRRRSRNLGKVIDTLTCGFADLMGYIPLVGAPLGGAARALAHGVRVLEDGVNYATGNLPGCSFSIFLLALLSCLTVPASAYQVRNSSGLYHVTNDCPNSSVVYEAADAILHTPGCVPCVREGNASRCWVAVTPTVATRDGKLPTTQLRRHIDLLVGSATLCSALYVGDLCGSVFLVGQLFTFSPRHHWTTQDCNCSIYPGHITGHRMAWNMMMNWSPTAALVVAQLLRIPQAIMDMIAGAHWGVLAGIKYFSMVGNWAKVLVVLLLFAGVDAETHVTGGNAGRTTAGLVGLLTPGAKQNIQLINTNGSWHINSTALNCNESLNTGWLAGLFYQHKFNSSGCPERLASCRRLTDFAQGWGPISYANGSGLDERPYCWHYPPRPCGIVPAKSVCGPVYCFTPSPVVVGTTDRSGAPTYSWGANDTDVFVLNNTRPPLGNWFGCTWMNSTGFTKVCGAPPCVIGGVGNNTLLCPTDCFRKYPEATYSRCGSGPRITPRCMVDYPYRLWHYPCTINYTIFKVRMYVGGVEHRLEAACNWTRGERCDLEDRDRSELSPLLLSTTQWQVLPCSFTTLPALSTGLIHLHQNIVDVQYLYGVGSSIASWAIKWEYVVLLFLLLADARVCSCLWMMLLISQAEAALENLVILNAASLAGTHGLVSFLVFFCFAWYLKGRWVPGAVYALYGMWPLLLLLLALPQRAYALDTEVAASCGGVVLVGLMALTLSPYYKRYISWCMWWLQYFLTRVEAQLHVWVPPLNVRGGRDAVILLTCVVHPALVFDITKLLLAIFGPLWILQASLLKVPYFVRVQGLLRICALARKIAGGHYVQMAIIKLGALTGTCVYNHLAPLRDWAHNGLRDLAVAVEPVVFSRMETKLITWGADTAACGDIINGLPVSARRGQEILLGPADGMVSKGWRLLAPITAYAQQTRGLLGCIITSLTGRDKNQVEGEVQIVSTATQTFLATCINGVCWTVYHGAGTRTIASPKGPVIQTYTNVDQDLVGWPAPQGSRSLTPCTCGSSDLYLVTRHADVIPVRRRGDSRGSLLSPRPISYLKGSSGGPLLCPTGHAVGLFRAAVCTRGVAKAVDFIPVENLETTMRSPVFTDNSSPPAVPQSFQVAHLHAPTGSGKSTKVPAAYAAKGYKVLVLNPSVAATLGFGAYMSKAHGVDPNIRTGVRTITTGSPITYSTYGKFLADAGCSGGAYDIIICDECHSTDATSISGIGTVLDQAETAGARLVVLATATPPGSVTVSHPNIEEVALSTTGEIPFYGKAIPLEVIKGGRHLIFCHSKKKCDELAAKLVALGINAVAYYRGLDVSVIPTSGDVVVVSTDALMTGFTGDFDSVIDCNTCVTQTVDFSLDPTFTIETTTLPQDAVSRTQRRGRTGRGKPGIYRFVAPGERPSGMFDSSVLCECYDAGCAWYELTPAETTVRLRAYMNTPGLPVCQDHLGFWEGVFTGLTHIDAHFLSQTKQSGENFPYLVAYQATVCARAQAPPPSWDQMRKCLIRLKPTLHGPTPLLYRLGAVQNEVTLTHPITKYIMTCMSADLEVVTSTWVLVGGVLAALAAYCLSTGCVVIVGRIVLSGKPAIIPDREVLYQEFDEMEECSQHLPYIEQGMMLAEQFKQKALGLLQTASRHAEVITPAVQTNWQKLEVFWAKHMWNFISGIQYLAGLSTLPGNPAIASLMAFTAAVTSPLTTGQTLLFNILGGWVAAQLAAPGAATAFVGAGLAGAALDSVGLGKVLVDILAGYGAGVAGALVAFKIMSGEVPSTEDLVNLLPAILSPGALAVGVVFASILRRRVGPGEGAVQWMNRLIAFASRGNHVSPTHYVPESDAAARVTAILSSLTVTQLLRRLHQWISSECTTPCSGSWLRDIWDWICEVLSDFKTWLKAKLMPQLPGIPFVSCQRGYRGVWRGDGIMHTRCHCGAEITGHVKNGTMRIVGPRTCKNMWSGTFFINAYTTGPCTPLPAPNYKFALWRVSAEEYVEIRRVGDFHYVSGMTTDNLKCPCQIPSPEFFTELDGVRLHRFAPPCKPLLREEVSFRVGLHEYPVGSQLPCEPEPDVAVLTSMLTDPSHITAEAAGRRLARGSPPSMASSSASQLSAPSLKATCTANHDSPDAELIEANLLWRQEMGGNITRVESENKVVILDSFDPLVAEEDEREVSVPAEILRKSRRFAPALPVWARPDYNPLLVETWKKPDYEPPVVHGCPLPPPRSPPVPPPRKKRTVVLTESTLPTALAELATKSFGSSSTSGITGDNTTTSSEPAPSGCPPDSDVESYSSMPPLEGEPGDPDLSDGSWSTVSSGADTEDVVCCSMSYSWTGALVTPCAAEEQKLPINALSNSLLRHHNLVYSTTSRSACQRKKKVTFDRLQVLDSHYQDVLKEVKAAASKVKANLLSVEEACSLAPPHSAKSKFGYGAKDVRCHARKAVAHINSVWKDLLEDSVTPIDTTIMAKNEVFCVQPEKGGRKPARLIVFPDLGVRVCEKMALYDVVSKLPLAVMGSSYGFQYSPGQRVEFLVQAWKSKKTPMGLSYDTRCFDSTVTESDIRTEEAIYQCCDLDPQARVAIKSLTERLYVGGPLTNSRGENCGYRRCRASRVLTTSCGNTLTRYIKARAACRAAGLQDCTMLVCGDDLVVICESAGVQEDAASLRAFTEAMTRYSAPPGDPPQPEYDLELITSCSSNVSVAHDGAGKRVYYLTRDPTTPLARAAWETARHTPVNSWLGNIIMFAPTLWARMILMTHFFSVLIARDQLEQALNCEIYGACYSIEPLDLPPIIQRLHGLSAFSLHSYSPGEINRVAACLRKLGVPPLRAWRHRAWSVRARLLARGGKAAICGKYLFNWAVRTKLKLTPITAAGRLDLSGWFTAGYSGGDIYHSVSHARPRWFWFCLLLLAAGVGIYLLPNR,"SUBCELLULAR LOCATION: [Core protein precursor]: Host endoplasmic reticulum membrane {ECO:0000250|UniProtKB:P26664}; Single-pass membrane protein {ECO:0000255}. Host mitochondrion membrane {ECO:0000250|UniProtKB:P26664}; Single-pass type I membrane protein {ECO:0000255}. Note=The C-terminal transmembrane domain of the core protein precursor contains an ER signal leading the nascent polyprotein to the ER membrane.; SUBCELLULAR LOCATION: [Mature core protein]: Virion {ECO:0000250|UniProtKB:Q99IB8}. Host cytoplasm {ECO:0000269|PubMed:9037030}. Host nucleus {ECO:0000250|UniProtKB:P26662}. Host lipid droplet {ECO:0000269|PubMed:11706032, ECO:0000269|PubMed:9037030}. Note=Only a minor proportion of core protein is present in the nucleus (PubMed:9037030). Probably present on the surface of lipid droplets (PubMed:9037030). {ECO:0000269|PubMed:9037030}.; SUBCELLULAR LOCATION: [Envelope glycoprotein E1]: Virion membrane {ECO:0000305}; Single-pass type I membrane protein {ECO:0000305}. Host endoplasmic reticulum membrane; Single-pass type I membrane protein {ECO:0000269|PubMed:10729138}. Note=The C-terminal transmembrane domain acts as a signal sequence and forms a hairpin structure before cleavage by host signal peptidase (PubMed:10729138). After cleavage, the membrane sequence is retained at the C-terminus of the protein, serving as ER membrane anchor (PubMed:10729138). A reorientation of the second hydrophobic stretch occurs after cleavage producing a single reoriented transmembrane domain (PubMed:12065403). These events explain the final topology of the protein (PubMed:12065403). {ECO:0000269|PubMed:10729138, ECO:0000269|PubMed:12065403}.; SUBCELLULAR LOCATION: [Envelope glycoprotein E2]: Virion membrane {ECO:0000305}; Single-pass type I membrane protein {ECO:0000305}. Host endoplasmic reticulum membrane; Single-pass type I membrane protein {ECO:0000269|PubMed:10729138}. Host lipid droplet {ECO:0000250|UniProtKB:Q9WMX2}. Note=The C-terminal transmembrane domain acts as a signal sequence and forms a hairpin structure before cleavage by host signal peptidase (PubMed:10729138). After cleavage, the membrane sequence is retained at the C-terminus of the protein, serving as ER membrane anchor (PubMed:10729138). A reorientation of the second hydrophobic stretch occurs after cleavage producing a single reoriented transmembrane domain (PubMed:12065403). These events explain the final topology of the protein (PubMed:12065403). {ECO:0000269|PubMed:10729138, ECO:0000269|PubMed:12065403}.; SUBCELLULAR LOCATION: [Viroporin p7]: Host endoplasmic reticulum membrane {ECO:0000269|PubMed:11907211}; Multi-pass membrane protein {ECO:0000269|PubMed:11907211}. Host mitochondrion {ECO:0000269|PubMed:29039530}. Host cell membrane {ECO:0000269|PubMed:11907211, ECO:0000269|PubMed:27320856}. Note=The C-terminus of p7 membrane domain acts as a signal sequence (PubMed:11907211). After cleavage by host signal peptidase, the membrane sequence is retained at the C-terminus of the protein, serving as ER membrane anchor (PubMed:11907211). ER retention of p7 is leaky and a small fraction reaches the plasma membrane (PubMed:11907211). {ECO:0000269|PubMed:11907211}.; SUBCELLULAR LOCATION: [Protease NS2]: Host endoplasmic reticulum membrane {ECO:0000250|UniProtKB:P26664}; Multi-pass membrane protein {ECO:0000250|UniProtKB:P26664}. Host lipid droplet {ECO:0000250|UniProtKB:Q99IB8}. Note=Probably present on the surface of lipid droplets. {ECO:0000250|UniProtKB:Q99IB8}.; SUBCELLULAR LOCATION: [Serine protease/helicase NS3]: Host endoplasmic reticulum membrane {ECO:0000305}; Peripheral membrane protein {ECO:0000305}. Note=NS3 is associated to the ER membrane through its binding to NS4A. {ECO:0000305}.; SUBCELLULAR LOCATION: [Non-structural protein 4A]: Host endoplasmic reticulum membrane {ECO:0000305}; Single-pass type I membrane protein {ECO:0000305}. Note=Host membrane insertion occurs after processing by the NS3 protease. {ECO:0000305}.; SUBCELLULAR LOCATION: [Non-structural protein 4B]: Host endoplasmic reticulum membrane {ECO:0000269|PubMed:12692244, ECO:0000269|PubMed:17030859}; Multi-pass membrane protein {ECO:0000269|PubMed:12692244}. Note=A reorientation of the N-terminus into the ER lumen occurs post-translationally (PubMed:17030859). Localized in the vicinity of host lipid droplet (PubMed:26185986). {ECO:0000269|PubMed:17030859, ECO:0000269|PubMed:26185986}.; SUBCELLULAR LOCATION: [Non-structural protein 5A]: Host endoplasmic reticulum membrane {ECO:0000269|PubMed:11744739, ECO:0000269|PubMed:15247283}; Peripheral membrane protein {ECO:0000269|PubMed:15247283, ECO:0000269|PubMed:17192310}. Host cytoplasm, host perinuclear region {ECO:0000269|PubMed:15247283}. Host mitochondrion {ECO:0000250|UniProtKB:P26662}. Host cytoplasm {ECO:0000269|PubMed:8982089}. Host nucleus {ECO:0000269|PubMed:10702287}. Host lipid droplet {ECO:0000250|UniProtKB:P26662}. Note=Host membrane insertion occurs after processing by the NS3 protease (PubMed:11744739). Localizes at the surface of lipid droplets (By similarity). {ECO:0000250|UniProtKB:P26662, ECO:0000269|PubMed:11744739}.; SUBCELLULAR LOCATION: [RNA-directed RNA polymerase]: Host cytoplasm {ECO:0000269|PubMed:17229681}. Host endoplasmic reticulum membrane; Single-pass type IV membrane protein {ECO:0000269|PubMed:11557752}. Note=Host membrane insertion occurs after processing by the NS3 protease. {ECO:0000269|PubMed:11557752}.","TOPO_DOM 2..168; /note=""Cytoplasmic""; /evidence=""ECO:0000255""; TOPO_DOM 190..358; /note=""Lumenal""; /evidence=""ECO:0000305|PubMed:12065403""; TOPO_DOM 380..725; /note=""Lumenal""; /evidence=""ECO:0000305|PubMed:12065403""; TOPO_DOM 747..757; /note=""Lumenal""; /evidence=""ECO:0000305|PubMed:11907211, ECO:0000305|PubMed:15722527""; TOPO_DOM 779..781; /note=""Cytoplasmic""; /evidence=""ECO:0000305|PubMed:11907211, ECO:0000305|PubMed:15722527""; TOPO_DOM 804..813; /note=""Lumenal""; /evidence=""ECO:0000305|PubMed:11907211, ECO:0000305|PubMed:15722527""; TOPO_DOM 835..838; /note=""Cytoplasmic""; /evidence=""ECO:0000250|UniProtKB:Q9WMX2""; TOPO_DOM 860..881; /note=""Lumenal""; /evidence=""ECO:0000250|UniProtKB:Q9WMX2""; TOPO_DOM 903..1657; /note=""Cytoplasmic""; /evidence=""ECO:0000250|UniProtKB:Q9WMX2""; TOPO_DOM 1679..1805; /note=""Cytoplasmic""; /evidence=""ECO:0000255""; TOPO_DOM 1825..1828; /note=""Lumenal""; /evidence=""ECO:0000269|PubMed:17030859""; TOPO_DOM 1850; /note=""Cytoplasmic""; /evidence=""ECO:0000255""; TOPO_DOM 1872..1881; /note=""Lumenal""; /evidence=""ECO:0000255""; TOPO_DOM 1903..1972; /note=""Cytoplasmic""; /evidence=""ECO:0000255""; TOPO_DOM 2004..2990; /note=""Cytoplasmic""; /evidence=""ECO:0000269|PubMed:11557752""","TRANSMEM 169..189; /note=""Helical""; /evidence=""ECO:0000255""; TRANSMEM 359..379; /note=""Helical""; /evidence=""ECO:0000305|PubMed:12065403""; TRANSMEM 726..746; /note=""Helical""; /evidence=""ECO:0000305|PubMed:12065403""; TRANSMEM 758..778; /note=""Helical""; /evidence=""ECO:0000305|PubMed:11907211, ECO:0000305|PubMed:15722527""; TRANSMEM 782..803; /note=""Helical""; /evidence=""ECO:0000305|PubMed:11907211, ECO:0000305|PubMed:15722527""; TRANSMEM 814..834; /note=""Helical""; /evidence=""ECO:0000250|UniProtKB:Q9WMX2""; TRANSMEM 839..859; /note=""Helical""; /evidence=""ECO:0000250|UniProtKB:Q9WMX2""; TRANSMEM 882..902; /note=""Helical""; /evidence=""ECO:0000250|UniProtKB:Q9WMX2""; TRANSMEM 1658..1678; /note=""Helical""; /evidence=""ECO:0000255""; TRANSMEM 1806..1824; /note=""Helical""; /evidence=""ECO:0000255""; TRANSMEM 1829..1849; /note=""Helical""; /evidence=""ECO:0000255""; TRANSMEM 1851..1871; /note=""Helical""; /evidence=""ECO:0000255""; TRANSMEM 1882..1902; /note=""Helical""; /evidence=""ECO:0000255""; TRANSMEM 2991..3011; /note=""Helical""; /evidence=""ECO:0000269|PubMed:11557752""","LIPID 922; /note=""S-palmitoyl cysteine; by host""; /evidence=""ECO:0000269|PubMed:31597774""; LIPID 1968; /note=""S-palmitoyl cysteine; by host""; /evidence=""ECO:0000269|PubMed:16731940""; LIPID 1972; /note=""S-palmitoyl cysteine; by host; partial""; /evidence=""ECO:0000269|PubMed:16731940"""
P35253,VGP_MABVM,"Envelope glycoprotein (GP1,2) (GP) (Virion spike glycoprotein) [Cleaved into: GP1; GP2]",GP,Lake Victoria marburgvirus (strain Musoke-80) (MARV) (Marburg virus (strain Kenya/Musoke/1980)),681,Uniprot,MKTTCFLISLILIQGTKNLPILEIASNNQPQNVDSVCSGTLQKTEDVHLMGFTLSGQKVADSPLEASKRWAFRTGVPPKNVEYTEGEEAKTCYNISVTDPSGKSLLLDPPTNIRDYPKCKTIHHIQGQNPHAQGIALHLWGAFFLYDRIASTTMYRGKVFTEGNIAAMIVNKTVHKMIFSRQGQGYRHMNLTSTNKYWTSSNGTQTNDTGCFGALQEYNSTKNQTCAPSKIPPPLPTARPEIKLTSTPTDATKLNTTDPSSDDEDLATSGSGSGEREPHTTSDAVTKQGLSSTMPPTPSPQPSTPQQGGNNTNHSQDAVTELDKNNTTAQPSMPPHNTTTISTNNTSKHNFSTLSAPLQNTTNDNTQSTITENEQTSAPSITTLPPTGNPTTAKSTSSKKGPATTAPNTTNEHFTSPPPTPSSTAQHLVYFRRKRSILWREGDMFPFLDGLINAPIDFDPVPNTKTIFDESSSSGASAEEDQHASPNISLTLSYFPNINENTAYSGENENDCDAELRIWSVQEDDLAAGLSWIPFFGPGIEGLYTAVLIKNQNNLVCRLRRLANQTAKSLELLLRVTTEERTFSLINRHAIDFLLTRWGGTCKVLGPDCCIGIEDLSKNISEQIDQIKKDEQKEGTGWGLGGKWWTSDWGVLTNLGILLLLSIAVLIALSCICRIFTKYIG,"SUBCELLULAR LOCATION: [GP2]: Virion membrane {ECO:0000250|UniProtKB:Q05320}; Single-pass type I membrane protein {ECO:0000255}. Host cell membrane {ECO:0000250|UniProtKB:Q05320}; Single-pass type I membrane protein {ECO:0000255}. Note=In the cell, localizes to the plasma membrane lipid rafts, which probably represent the assembly and budding site. {ECO:0000250|UniProtKB:Q05320}.; SUBCELLULAR LOCATION: [GP1]: Virion membrane {ECO:0000250|UniProtKB:Q05320}; Peripheral membrane protein {ECO:0000250|UniProtKB:Q05320}. Host cell membrane {ECO:0000250|UniProtKB:Q05320}; Peripheral membrane protein {ECO:0000250|UniProtKB:Q05320}. Note=GP1 is not anchored to the viral envelope, but forms a disulfid-linked complex with the extravirion surface GP2. In the cell, both GP1 and GP2 localize to the plasma membrane lipid rafts, which probably represent the assembly and budding site. GP1 can also be shed after proteolytic processing. {ECO:0000250|UniProtKB:Q05320}.","TOPO_DOM 19..648; /note=""Extracellular""; /evidence=""ECO:0000255""; TOPO_DOM 670..681; /note=""Cytoplasmic""; /evidence=""ECO:0000255""","TRANSMEM 649..669; /note=""Helical""; /evidence=""ECO:0000255""","LIPID 671; /note=""S-palmitoyl cysteine; by host""; /evidence=""ECO:0000305|PubMed:11831710""; LIPID 673; /note=""S-palmitoyl cysteine; by host""; /evidence=""ECO:0000305|PubMed:11831710"""
P59637,VEMP_SARS,Envelope small membrane protein (E protein) (sM protein),E sM 4,Severe acute respiratory syndrome coronavirus (SARS-CoV),76,Viet,MYSFVSEETGTLIVNSVLLFLAFVVFLLVTLAILTALRLCAYCCNIVNVSLVKPTVYVYSRVKNLNSSEGVPDLLV,"SUBCELLULAR LOCATION: Host endoplasmic reticulum-Golgi intermediate compartment {ECO:0000269|PubMed:20861307}. Host Golgi apparatus membrane {ECO:0000255|HAMAP-Rule:MF_04204, ECO:0000269|PubMed:21450821, ECO:0000269|PubMed:24788150}; Single-pass type III membrane protein {ECO:0000255|HAMAP-Rule:MF_04204}. Note=Colocalizes with S in the host endoplasmic reticulum-Golgi intermediate compartment (PubMed:20861307). The cytoplasmic tail functions as a Golgi complex-targeting signal. {ECO:0000255|HAMAP-Rule:MF_04204, ECO:0000269|PubMed:20861307, ECO:0000269|PubMed:21450821}.","TOPO_DOM 1..16; /note=""Virion surface""; /evidence=""ECO:0000255|HAMAP-Rule:MF_04204""; TOPO_DOM 38..76; /note=""Intravirion""; /evidence=""ECO:0000255|HAMAP-Rule:MF_04204""","TRANSMEM 17..37; /note=""Helical""; /evidence=""ECO:0000255|HAMAP-Rule:MF_04204""","LIPID 40; /note=""S-palmitoyl cysteine; by host""; / LIPID 43; /note=""S-palmitoyl cysteine; by host""; / LIPID 44; /note=""S-palmitoyl cysteine; by host"""
P69354,FUS_MEASF,Fusion glycoprotein F0 [Cleaved into: Fusion glycoprotein F2; Fusion glycoprotein F1],F,Measles virus (strain Edmonston B) (MeV) (Subacute sclerose panencephalitis virus),550,Viet,MGLKVNVSAIFMAVLLTLQTPTGQIHWGNLSKIGVVGIGSASYKVMTRSSHQSLVIKLMPNITLLNNCTRVEIAEYRRLLRTVLEPIRDALNAMTQNIRPVQSVASSRRHKRFAGVVLAGAALGVATAAQITAGIALHQSMLNSQAIDNLRASLETTNQAIEAIRQAGQEMILAVQGVQDYINNELIPSMNQLSCDLIGQKLGLKLLRYYTEILSLFGPSLRDPISAEISIQALSYALGGDINKVLEKLGYSGGDLLGILESRGIKARITHVDTESYFIVLSIAYPTLSEIKGVIVHRLEGVSYNIGSQEWYTTVPKYVATQGYLISNFDESSCTFMPEGTVCSQNALYPMSPLLQECLRGSTKSCARTLVSGSFGNRFILSQGNLIANCASILCKCYTTGTIINQDPDKILTYIAADHCPVVEVNGVTIQVGSRRYPDAVYLHRIDLGPPISLERLDVGTNLGNAIAKLEDAKELLESSDQILRSMKGLSSTSIVYILIAVCLGGLIGIPALICCCRGRCNKKGEQVGMSRPGLKPDLTGTSKSYVRSL,SUBCELLULAR LOCATION: Virion membrane {ECO:0000250}; Single-pass type I membrane protein {ECO:0000250}. Host cell membrane {ECO:0000250}; Single-pass membrane protein {ECO:0000250}.,"TOPO_DOM 24..494; /note=""Extracellular""; /evidence=""ECO:0000250""; TOPO_DOM 516..550; /note=""Cytoplasmic""; /evidence=""ECO:0000250""","TRANSMEM 495..515; /note=""Helical""; /evidence=""ECO:0000255""","LIPID 503; /note=""S-palmitoyl cysteine; by host""; / LIPID 515; /note=""S-palmitoyl cysteine; by host""; /LIPID 516; /note=""S-palmitoyl cysteine; by host""; /LIPID 517; /note=""S-palmitoyl cysteine; by host""; /LIPID 521; /note=""S-palmitoyl cysteine; by host"""
P87515,POLN_BFV,Polyprotein P1234 (P1234) (Non-structural polyprotein) [Cleaved into: Polyprotein P123' (P123'); Polyprotein P123 (P123); mRNA-capping enzyme nsP1 (EC 2.1.1.-) (EC 2.7.7.-) (Non-structural protein 1); Protease nsP2 (EC 3.4.22.-) (EC 3.6.1.15) (EC 3.6.1.74) (EC 3.6.4.13) (Non-structural protein 2) (nsP2); Non-structural protein 3' (nsP3') (EC 3.1.3.84); Non-structural protein 3 (nsP3) (EC 3.1.3.84); RNA-directed RNA polymerase nsP4 (EC 2.7.7.19) (EC 2.7.7.48) (Non-structural protein 4) (nsP4)],,Barmah forest virus (BFV),2411,Uniprot,MAKPVVKIDVEPESHFAKQVQSCFPQFEIEAVQTTPNDHAHARAFSHLATKLIEMETAKDQIILDIGSAPARRLYSEHKYHCVCPMKCTEDPERMLGYARKLIAGSAKGKAEKLRDLRDVLATPDIETQSLCLHTDASCRYRGDVAVYQDVYAIDAPTTLYHQALKGVRTAYWIGFDTTPFMYDALAGAYPLYSTNWADEQVLESRNIGLCSDKVSEGGKKGRSILRKKFLKQSDRVMFSVGSTLYTESRKLLQSWHLPSTFHLKGKSSFTCRCDTIVSCEGYVLKKITMCPGVTGKPIGYAVTHHKEGFVVGKVTDTIRGERVSFAVCTYVPTTLCDQMTGILATEVTADDAQKLLVGLNQRIVVNGRTQRNTNTMKNYLLPLVAQALAKWAKEAKQDMEDERPLNERQRTLTCLCCWAFKRNKRHAIYKRPDTQSIVKVPCEFTSFPLVSLWSAGMSISLRQKLKMMLQARQPTQIAAVTEELIQEAAAVEQEAVDTANAELDHAAWPSIVDTTERHVEVEVEELDQRAGEGVVETPRNSIKVSTQIGDALIGSYLILSPQAVLRSEKLACIHDLAEQVKLVTHSGRSGRYAVDKYXGRVLVPTGVAIDIQSFQALSESATLVYNEREFVNRKLWHIAVYGAALNTDEEGYEKVPVERAESDYVFDVDQKMCLKKEQASGWVLCGELVNPPFHEFAYEGLRTRPSAPYKVHTVGVYGVPGSGKSAIIKNTVTMSDLVLSGKKENCLEIMNDVLKHRALRITAKTVDSVLLNGVKHTPNILYIDEAFSCHAGTLLATIAIVRPKQKVVLCGDPKQCGFFNMMQLKVNYNHDICSEVFHKSISRRCTQDITAIVSKLHYQDRMRTTNPRKGDIIIDTTGTTKPAKTDLILTCFRGWVKQLQQDYRGNEVMTAAASQGLTRASVYAVRTKVNENPLYAQTSEHVNVLLTRTENKLVWKTLSTDPWIKTLTNPPRGHYTATIAEWEAEHQGIMKAIQGYAPPVNTFMNKVNVCWAKTLTPVLETAGISLSAEDWSELLPPFAQDVAYSPEVALNIICTKMYGFDLDTGLFSRPSVPMTYTKDHWDNRVGGKMYGFSQQAYDQLARRHPYLRGREKSGMQIVVTEMRIQRPRSDANIIPINRRLPHSLVATHEYRRAARAEEFFTTTRGYTMLLVSEYNMNLPNKKITWLAPIGTQGAHHTANLNLGIPPLLGSFDAVVVNMPTPFRNHHYQQCEDHAMKLQMLAGDALRHIKPGGSLWVKAYGYADRHSEHVVLALARKFKSFRVTQPSCVTSNTEVFLHFSIFDNGKRAIALHSANRKANSIFQNTFLPAGSAPAYRVKRGDISNAPEDAVVNAANQQGVKGAGVCGAIYRKWPDAFGDVATPTGTAVSKSVQDKLVIHAVGPNFSKCSEEEGDRDLASAYRAAAEIVMDKKITTVAVPLLSTGIYAGGKNRVEQSLNHLFTAFDNTDADVTIYCMDKTWEKKIKEAIDHRTSVEMVQDDVQLEEELVRVHPLSSLAGRKGYSTDSGRVFSYLEGTKFHQTAVDIAEMQVLWPALKESNEQIVAYTLGESMDQIRGKCPTEDTDASTPPRTVPCLCRYAMTPERVYRLKCTNTTQFTVCSSFELPKYHIQGVQRVKCERIIILDPTVPPTYKRPCIRRYPSTISCNSSEDSRSLSTFSVSSDSSIGSLPVGDTRPIPAPRTIFRPVPAPRAPVLRTTPPPKPPRTFTVRAEVHQAPPTPVPPPRPKRAAKLAREMHPGFTFGDFGEHEVEELTASPLTFGDFAEGEIQGMGVEFEXLGRAGGYIFSSDTGPGHLQQRSVLQNCTAECIYEPAKLEKIHAPKLDKTKEDILRSKYQMKPSEANKSRYQSRKVENMKAEIVGRLLDGLGEYLGTEHPVECYRITYPVPIYSTSDLRGLSSAKTAVRACNAFLEANFPSVTSYKITDEYDAYLDMVDGSESCLDRSSFSPSRLRSFPKTHSYLDPQINSAVPSPFQNTLQNVLAAATKRNCNVTQMRELPTYDSAVLNVEAFRKYACKPDVWDEYRDNPICITTENVTTYVAKLKGPKAAALFAKTHNLIPLHQVPMDKFTVDMKRDVKVTPGTKHTEERPKVQVIQAAEPLATAYLCGIHRELVRRLNNALFPNIHTLFDMSAEDFDAIIAEHFKHGDHVLETDIASFDKSQDDSMALTALMILEDLGVDQNLMNLIEAAFGEIVSTHLPTGTRFKFGAMMKSGMFLTLFVNTILNVVIACRVLEDQLAQSPWPAFIGDDNIIHGIISDKLMADRCATWMNMEVKILDSIVGIRPPYFCGGFIVCDDVTGTACRVADPLKRLFKLGKPLPLDDGQDEDRRRALHDEVKTWSRVGLRHRVCEAIEDRYAVHSSELVLLALTTLSKNLKSFRNIRGKPIHLYGGPK,"SUBCELLULAR LOCATION: [Polyprotein P1234]: Host cytoplasmic vesicle membrane {ECO:0000305}; Peripheral membrane protein {ECO:0000305}. Note=Part of cytoplasmic vesicles, which are probably formed at the plasma membrane and internalized leading to late endosomal/lysosomal spherules containing the replication complex. {ECO:0000305}.; SUBCELLULAR LOCATION: [Polyprotein P123']: Host cytoplasmic vesicle membrane {ECO:0000305}; Peripheral membrane protein {ECO:0000305}. Note=Part of cytoplasmic vesicles, which are probably formed at the plasma membrane and internalized leading to late endosomal/lysosomal spherules containing the replication complex. {ECO:0000305}.; SUBCELLULAR LOCATION: [Polyprotein P123]: Host cytoplasmic vesicle membrane {ECO:0000305}; Peripheral membrane protein {ECO:0000305}. Note=Part of cytoplasmic vesicles, which are probably formed at the plasma membrane and internalized leading to late endosomal/lysosomal spherules containing the replication complex. {ECO:0000305}.; SUBCELLULAR LOCATION: [mRNA-capping enzyme nsP1]: Host cytoplasmic vesicle membrane {ECO:0000250|UniProtKB:P08411}; Lipid-anchor {ECO:0000250|UniProtKB:P08411}. Host cell membrane {ECO:0000250|UniProtKB:P08411}; Lipid-anchor {ECO:0000250|UniProtKB:P08411}; Cytoplasmic side {ECO:0000250|UniProtKB:P08411}. Host cell projection, host filopodium {ECO:0000250|UniProtKB:P08411}. Note=In the late phase of infection, the polyprotein is quickly cleaved before localization to cellular membranes. Then a fraction of nsP1 localizes to the inner surface of the plasma membrane and its filopodial extensions. Only the palmitoylated nsP1 localizes to the host filopodia (By similarity). NsP1 is also part of cytoplasmic vesicles, which are probably formed at the plasma membrane and internalized leading to late endosomal/lysosomal spherules containing the replication complex (By similarity). {ECO:0000250|UniProtKB:P08411}.; SUBCELLULAR LOCATION: [Protease nsP2]: Host cytoplasmic vesicle membrane {ECO:0000250|UniProtKB:P08411}; Peripheral membrane protein {ECO:0000250|UniProtKB:P08411}. Host nucleus {ECO:0000250|UniProtKB:P27282}. Host cytoplasm {ECO:0000250|UniProtKB:P27282}. Note=In the late phase of infection, the polyprotein is quickly cleaved before localization to cellular membranes. Then approximately half of nsP2 is found in the nucleus (By similarity). Shuttles between cytoplasm and nucleus (By similarity). NsP2 is also part of cytoplasmic vesicles, which are probably formed at the plasma membrane and internalized leading to late endosomal/lysosomal spherules containing the replication complex (By similarity). {ECO:0000250|UniProtKB:P08411, ECO:0000250|UniProtKB:P27282}.; SUBCELLULAR LOCATION: [Non-structural protein 3]: Host cytoplasmic vesicle membrane {ECO:0000250|UniProtKB:P03317}; Peripheral membrane protein {ECO:0000305}. Note=In the late phase of infection, the polyprotein is quickly cleaved before localization to cellular membranes. Then nsP3 and nsP3' form aggregates in cytoplasm (By similarity). NsP3 is also part of cytoplasmic vesicles, which are probably formed at the plasma membrane and internalized leading to late endosomal/lysosomal spherules containing the replication complex (By similarity). {ECO:0000250|UniProtKB:P03317}.; SUBCELLULAR LOCATION: [Non-structural protein 3']: Host cytoplasmic vesicle membrane {ECO:0000250|UniProtKB:P03317}; Peripheral membrane protein {ECO:0000305}. Note=In the late phase of infection, the polyprotein is quickly cleaved before localization to cellular membranes. Then nsP3 and nsP3' form aggregates in cytoplasm (By similarity). NsP3' is also part of cytoplasmic vesicles, which are probably formed at the plasma membrane and internalized leading to late endosomal/lysosomal spherules containing the replication complex (By similarity). {ECO:0000250|UniProtKB:P03317}.; SUBCELLULAR LOCATION: [RNA-directed RNA polymerase nsP4]: Host cytoplasmic vesicle membrane; Peripheral membrane protein {ECO:0000250|UniProtKB:P03317}. Note=NsP4 is part of cytoplasmic vesicles, which are probably formed at the plasma membrane and internalized leading to late endosomal/lysosomal spherules containing the replication complex. {ECO:0000250|UniProtKB:P08411}.",,,"LIPID 415; /note=""S-palmitoyl cysteine; by host""; /evidence=""ECO:0000250|UniProtKB:Q8JUX6""; LIPID 417; /note=""S-palmitoyl cysteine; by host""; /evidence=""ECO:0000250|UniProtKB:Q8JUX6"""
P90489,MIR2_HHV8P,E3 ubiquitin-protein ligase MIR2 (EC 2.3.2.27) (IE1A protein) (Modulator of immune recognition 2) (ORF K5) (RING-type E3 ubiquitin transferase MIR2),K5,Human herpesvirus 8 type P (isolate GK18) (HHV-8) (Kaposi's sarcoma-associated herpesvirus),256,Swisspalm,MASKDVEEGVEGPICWICREEVGNEGIHPCACTGELDVVHPQCLSTWLTVSRNTACQMCRVIYRTRTQWRSRLNLWPEMERQEIFELFLLMSVVVAGLVGVALCTWTLLVILTAPAGTFSPGAVLGFLCFFGFYQIFIVFAFGGICRVSGTVRALYAANNTRVTVLPYRRPRRPTANEDNIELTVLVGPAGGTDEEPTDESSEGDVASGDKERDGSSGDEPDGGPNDRAGLRGTARTDLCAPTKKPVRKNHPKNNG,SUBCELLULAR LOCATION: Host cell membrane {ECO:0000269|PubMed:10684303}; Multi-pass membrane protein {ECO:0000269|PubMed:10684303}. Host endoplasmic reticulum {ECO:0000269|PubMed:10684303}. Note=Probably exerts its effects at the plasma membrane during viral infection.,"TOPO_DOM 1..83; /note=""Cytoplasmic""; /evidence=""ECO:0000255""; TOPO_DOM 105..124; /note=""Extracellular""; /evidence=""ECO:0000255""; TOPO_DOM 146..256; /note=""Cytoplasmic""; /evidence=""ECO:0000255""","TRANSMEM 84..104; /note=""Helical""; /evidence=""ECO:0000255""; TRANSMEM 125..145; /note=""Helical""; /evidence=""ECO:0000255""","LIPID 146; /note=""S-palmitoyl cysteine; by host"""
Q01227,PG190_VACCW,Protein OPG190 (Plaque-size/host range protein),OPG190 PS/HR VACWR187 B5R,Vaccinia virus (strain Western Reserve) (VACV) (Vaccinia virus (strain WR)),317,Uniprot,MKTISVVTLLCVLPAVVYSTCTVPTMNNAKLTSTETSFNDKQKVTFTCDQGYHSSDPNAVCETDKWKYENPCKKMCTVSDYISELYNKPLYEVNSTMTLSCNGETKYFRCEEKNGNTSWNDTVTCPNAECQPLQLEHGSCQPVKEKYSFGEYMTINCDVGYEVIGASYISCTANSWNVIPSCQQKCDMPSLSNGLISGSTFSIGGVIHLSCKSGFTLTGSPSSTCIDGKWNPVLPICVRTNEEFDPVDDGPDDETDLSKLSKDVVQYEQEIESLEATYHIIIVALTIMGVIFLISVIVLVCSCDKNNDQYKFHKLLP,"SUBCELLULAR LOCATION: Virion membrane {ECO:0000269|PubMed:1585649, ECO:0000269|PubMed:22238237}; Single-pass type I membrane protein {ECO:0000305}. Host Golgi apparatus, host trans-Golgi network {ECO:0000269|PubMed:22238237}. Note=OPG190 is found on enveloped virion (EV) membranes.","TOPO_DOM 18..279; /note=""Virion surface""; /evidence=""ECO:0000255""; TOPO_DOM 301..317; /note=""Intravirion""; /evidence=""ECO:0000255""","TRANSMEM 280..300; /note=""Helical""; /evidence=""ECO:0000255""","LIPID 301; /note=""S-palmitoyl cysteine; by host""; /evidence=""ECO:0000269|PubMed:22238237""; LIPID 303; /note=""S-palmitoyl cysteine; by host""; /evidence=""ECO:0000269|PubMed:22238237"""
Q69163,Q69163_HCMV,Envelope glycoprotein B (gB),UL55 gB HHV5wtgp060,Human cytomegalovirus (HHV-5) (Human herpesvirus 5),905,Swisspalm,MESRIWCLVVCVNLCIVCLGAVVSSSSTSHATSSAHNGSHTSRTTSAQTRSVSSQHVTSSEAVSHRANETIYNTTLKYGDVVGVNTTKYPYRVCSMAQGTDLIRFERNIVCTPMKPINEDLDEGIMVVYKRNIVAHTFKVRVYQKVLTFRRSYAYIHTTYLLGSNTEYVAPPMWEIHHINRHSQCYSSYSRVIAGTVFVAYHRDSYENKTMQLMLDDYSNTHSTRYVTVKDQWHSRGSTWLYRETCNLNCMVTITTARSKYPYHFFATSTGDVVDISPFYNGTNRNTSYFGENADKFFIFPNYTIVSDFGRANSAPETHRLVAFLERADSVISWDIQDEKNVTCQLTFWEASERTIRSEAEDSYHFSSAKMTATFLSKKQEVNMSDPVLDCVRDQALNKLQQIFNASYNQTYEKYGNVSVFETTGGLVVFWQGIKQKSLLELERLANSSGVNSTRRTKRSTGNTTTLSLESESVRNVLYAQLQFTYDTLRSYINRALAQIAEAWCVDQRRTLEVFKELSKINPSAILSAIYNKPIAARFMGDVLGLASCVTINQTSVKVLRDMNVKESPGRCYSRPVVIFNFVNSSYVQYGQLGEDNEILLGNHRTEECQFPSLKIFIAGNSAYEYVDYLFKRMIDLSSISTVDSMIALDIDPLENTDFRVLELYSQKELRSSNVFDLEEIMREFNSYKQRVKYVEDKVVDPLPPYLKGLDDLMSGLGAAGKAVGVAIGAVGGAVASVVEGVATFLKNPFGAFTIILVAIAVVIIIYLIYTRQRRLCMQPLQNLFPYLVSADGTTVTSGNTKDTSLQAPPSYEESVYNSGRKGPGPPSSDASTAAPPYTNEQAYQMLLALARLDAEQRAQQNGTDSLDGQTGTQDKGQKPNLLDRLRHRKNGYRHLKDSDEEENV,"SUBCELLULAR LOCATION: Virion membrane {ECO:0000256|HAMAP-Rule:MF_04032}; Single-pass type I membrane protein {ECO:0000256|HAMAP-Rule:MF_04032}. Host cell membrane {ECO:0000256|HAMAP-Rule:MF_04032}; Single-pass type I membrane protein {ECO:0000256|HAMAP-Rule:MF_04032}. Host endosome membrane {ECO:0000256|HAMAP-Rule:MF_04032}; Single-pass type I membrane protein {ECO:0000256|HAMAP-Rule:MF_04032}. Host Golgi apparatus membrane {ECO:0000256|HAMAP-Rule:MF_04032}; Single-pass type I membrane protein {ECO:0000256|HAMAP-Rule:MF_04032}. Note=During virion morphogenesis, this protein probably accumulates in the endosomes and trans-Golgi where secondary envelopment occurs. It is probably transported to the cell surface from where it is endocytosed and directed to the trans-Golgi network (TGN). {ECO:0000256|HAMAP-Rule:MF_04032}.","TOPO_DOM 1..749; /note=""Virion surface""; /evidence=""ECO:0000256|HAMAP-Rule:MF_04032""; TOPO_DOM 771..905; /note=""Intravirion""; /evidence=""ECO:0000256|HAMAP-Rule:MF_04032""","TRANSMEM 750..770; /note=""Helical""; /evidence=""ECO:0000256|SAM:Phobius""","LIPID 777; /note=""S-palmitoyl cysteine; by host"""
Q6DPU3,M2_I02A1,Matrix protein 2 (Proton channel protein M2),M,Influenza A virus (strain A/Guinea fowl/Hong Kong/38/2002 H5N1 genotype X0),90,Uniprot,ETPTRTGWECKCSDSSDPLVVAASIIGILHLILWILDRLFFKCIYRRLKYGLKRGPSTGGVPESMREEYRQEQQSAVDVDDGHFVNIELE,"SUBCELLULAR LOCATION: Virion membrane. Host apical cell membrane; Single-pass type III membrane protein. Note=Abundantly expressed at the apical plasma membrane in infected polarized epithelial cells, in close proximity to budding and assembled virions. Minor component of virions (only 16-20 molecules/virion) (By similarity). {ECO:0000250}.","TOPO_DOM <1..15; /note=""Virion surface""; /evidence=""ECO:0000255""; TOPO_DOM 37..90; /note=""Intravirion""; /evidence=""ECO:0000255""","TRANSMEM 16..36; /note=""Helical""; /evidence=""ECO:0000255""","LIPID 43; /note=""S-palmitoyl cysteine; by host""; /evidence=""ECO:0000250"""
Q9DLD4,FUS_NDVB1,Fusion glycoprotein F0 [Cleaved into: Fusion glycoprotein F2; Fusion glycoprotein F1],F,Newcastle disease virus (strain Chicken/United States/B1/48) (NDV),553,Uniprot,MGSRPFTKNPAPMMLTIRVALVLSCICPANSIDGRPFAAAGIVVTGDKAVNIYTSSQTGSIIVKLLPNLPKDKEACAKAPLDAYNRTLTTLLTPLGDSIRRIQESVTTSGGGRQGRLIGAIIGGVALGVATAAQITAAAALIQAKQNAANILRLKESIAATNEAVHEVTDGLSQLAVAVGKMQQFVNDQFNKTAQELDCIKIAQQVGVELNLYLTELTTVFGPQITSPALNKLTIQALYNLAGGNMDYLLTKLGIGNNQLSSLIGSGLITGNPILYDSQTQLLGIQVTLPSVGNLNNMRATYLETLSVSTTRGFASALVPKVVTQVGSVIEELDTSYCIETDLDLYCTRIVTFPMSPGIYSCLSGNTSACMYSKTEGALTTPYMTIKGSVIANCKMTTCRCVNPPGIISQNYGEAVSLIDKQSCNVLSLGGITLRLSGEFDVTYQKNISIQDSQVIITGNLDISTELGNVNNSISNALNKLEESNRKLDKVNVKLTSTSALITYIVLTIISLVFGILSLILACYLMYKQKAQQKTLLWLGNNTLDQMRATTKM,SUBCELLULAR LOCATION: Virion membrane {ECO:0000250}; Single-pass type I membrane protein {ECO:0000250}. Host cell membrane {ECO:0000250}; Single-pass membrane protein {ECO:0000250}.,"TOPO_DOM 31..500; /note=""Extracellular""; /evidence=""ECO:0000250""; TOPO_DOM 522..553; /note=""Cytoplasmic""; /evidence=""ECO:0000250""","TRANSMEM 501..521; /note=""Helical""; /evidence=""ECO:0000255""","LIPID 523; /note=""S-palmitoyl cysteine; by host""; /evidence=""ECO:0000255"""
Q9J1B5,Q9J1B5_9REOV,Membrane fusion protein p10,,ARV-138,98,Viet,MLRMPPGSCNGATAIFGNVHCQAAQNTAGGDLQATSSIIAYWPYLAAGGGFLLIIIIFAIFYCCKAKVKADAARSVFHRELVALSSGKHNAMAPPYDV,,,"TRANSMEM 41..64; /note=""Helical""; /evidence=""ECO:0000256|SAM:Phobius""","LIPID 63; /note=""S-palmitoyl cysteine; by host""; / LIPID 64; /note=""S-palmitoyl cysteine; by host"""
Q9WMX2,POLG_HCVCO,Genome polyprotein [Cleaved into: Core protein precursor (Capsid protein C) (p23); Mature core protein (p21); Envelope glycoprotein E1 (gp32) (gp35); Envelope glycoprotein E2 (NS1) (gp68) (gp70); Viroporin p7; Protease NS2 (p23) (EC 3.4.22.-); Serine protease/helicase NS3 (EC 3.4.21.98) (EC 3.6.1.15) (EC 3.6.4.13) (Hepacivirin) (NS3 helicase) (NS3 protease) (NS3P) (Viroporin p70); Non-structural protein 4A (NS4A) (p8); Non-structural protein 4B (NS4B) (p27); Non-structural protein 5A (NS5A) (p56/58); RNA-directed RNA polymerase (EC 2.7.7.48) (NS5B) (p68)],,Hepatitis C virus genotype 1b (isolate Con1) (HCV),3010,Uniprot,MSTNPKPQRKTKRNTNRRPQDVKFPGGGQIVGGVYLLPRRGPRLGVRATRKTSERSQPRGRRQPIPKARQPEGRAWAQPGYPWPLYGNEGLGWAGWLLSPRGSRPSWGPTDPRRRSRNLGKVIDTLTCGFADLMGYIPLVGAPLGGAARALAHGVRVLEDGVNYATGNLPGCSFSIFLLALLSCLTIPASAYEVRNVSGVYHVTNDCSNASIVYEAADMIMHTPGCVPCVRENNSSRCWVALTPTLAARNASVPTTTIRRHVDLLVGAAALCSAMYVGDLCGSVFLVAQLFTFSPRRHETVQDCNCSIYPGHVTGHRMAWDMMMNWSPTAALVVSQLLRIPQAVVDMVAGAHWGVLAGLAYYSMVGNWAKVLIVMLLFAGVDGGTYVTGGTMAKNTLGITSLFSPGSSQKIQLVNTNGSWHINRTALNCNDSLNTGFLAALFYVHKFNSSGCPERMASCSPIDAFAQGWGPITYNESHSSDQRPYCWHYAPRPCGIVPAAQVCGPVYCFTPSPVVVGTTDRFGVPTYSWGENETDVLLLNNTRPPQGNWFGCTWMNSTGFTKTCGGPPCNIGGIGNKTLTCPTDCFRKHPEATYTKCGSGPWLTPRCLVHYPYRLWHYPCTVNFTIFKVRMYVGGVEHRLEAACNWTRGERCNLEDRDRSELSPLLLSTTEWQVLPCSFTTLPALSTGLIHLHQNVVDVQYLYGIGSAVVSFAIKWEYVLLLFLLLADARVCACLWMMLLIAQAEAALENLVVLNAASVAGAHGILSFLVFFCAAWYIKGRLVPGAAYALYGVWPLLLLLLALPPRAYAMDREMAASCGGAVFVGLILLTLSPHYKLFLARLIWWLQYFITRAEAHLQVWIPPLNVRGGRDAVILLTCAIHPELIFTITKILLAILGPLMVLQAGITKVPYFVRAHGLIRACMLVRKVAGGHYVQMALMKLAALTGTYVYDHLTPLRDWAHAGLRDLAVAVEPVVFSDMETKVITWGADTAACGDIILGLPVSARRGREIHLGPADSLEGQGWRLLAPITAYSQQTRGLLGCIITSLTGRDRNQVEGEVQVVSTATQSFLATCVNGVCWTVYHGAGSKTLAGPKGPITQMYTNVDQDLVGWQAPPGARSLTPCTCGSSDLYLVTRHADVIPVRRRGDSRGSLLSPRPVSYLKGSSGGPLLCPSGHAVGIFRAAVCTRGVAKAVDFVPVESMETTMRSPVFTDNSSPPAVPQTFQVAHLHAPTGSGKSTKVPAAYAAQGYKVLVLNPSVAATLGFGAYMSKAHGIDPNIRTGVRTITTGAPITYSTYGKFLADGGCSGGAYDIIICDECHSTDSTTILGIGTVLDQAETAGARLVVLATATPPGSVTVPHPNIEEVALSSTGEIPFYGKAIPIETIKGGRHLIFCHSKKKCDELAAKLSGLGLNAVAYYRGLDVSVIPTSGDVIVVATDALMTGFTGDFDSVIDCNTCVTQTVDFSLDPTFTIETTTVPQDAVSRSQRRGRTGRGRMGIYRFVTPGERPSGMFDSSVLCECYDAGCAWYELTPAETSVRLRAYLNTPGLPVCQDHLEFWESVFTGLTHIDAHFLSQTKQAGDNFPYLVAYQATVCARAQAPPPSWDQMWKCLIRLKPTLHGPTPLLYRLGAVQNEVTTTHPITKYIMACMSADLEVVTSTWVLVGGVLAALAAYCLTTGSVVIVGRIILSGKPAIIPDREVLYREFDEMEECASHLPYIEQGMQLAEQFKQKAIGLLQTATKQAEAAAPVVESKWRTLEAFWAKHMWNFISGIQYLAGLSTLPGNPAIASLMAFTASITSPLTTQHTLLFNILGGWVAAQLAPPSAASAFVGAGIAGAAVGSIGLGKVLVDILAGYGAGVAGALVAFKVMSGEMPSTEDLVNLLPAILSPGALVVGVVCAAILRRHVGPGEGAVQWMNRLIAFASRGNHVSPTHYVPESDAAARVTQILSSLTITQLLKRLHQWINEDCSTPCSGSWLRDVWDWICTVLTDFKTWLQSKLLPRLPGVPFFSCQRGYKGVWRGDGIMQTTCPCGAQITGHVKNGSMRIVGPRTCSNTWHGTFPINAYTTGPCTPSPAPNYSRALWRVAAEEYVEVTRVGDFHYVTGMTTDNVKCPCQVPAPEFFTEVDGVRLHRYAPACKPLLREEVTFLVGLNQYLVGSQLPCEPEPDVAVLTSMLTDPSHITAETAKRRLARGSPPSLASSSASQLSAPSLKATCTTRHDSPDADLIEANLLWRQEMGGNITRVESENKVVILDSFEPLQAEEDEREVSVPAEILRRSRKFPRAMPIWARPDYNPPLLESWKDPDYVPPVVHGCPLPPAKAPPIPPPRRKRTVVLSESTVSSALAELATKTFGSSESSAVDSGTATASPDQPSDDGDAGSDVESYSSMPPLEGEPGDPDLSDGSWSTVSEEASEDVVCCSMSYTWTGALITPCAAEETKLPINALSNSLLRHHNLVYATTSRSASLRQKKVTFDRLQVLDDHYRDVLKEMKAKASTVKAKLLSVEEACKLTPPHSARSKFGYGAKDVRNLSSKAVNHIRSVWKDLLEDTETPIDTTIMAKNEVFCVQPEKGGRKPARLIVFPDLGVRVCEKMALYDVVSTLPQAVMGSSYGFQYSPGQRVEFLVNAWKAKKCPMGFAYDTRCFDSTVTENDIRVEESIYQCCDLAPEARQAIRSLTERLYIGGPLTNSKGQNCGYRRCRASGVLTTSCGNTLTCYLKAAAACRAAKLQDCTMLVCGDDLVVICESAGTQEDEASLRAFTEAMTRYSAPPGDPPKPEYDLELITSCSSNVSVAHDASGKRVYYLTRDPTTPLARAAWETARHTPVNSWLGNIIMYAPTLWARMILMTHFFSILLAQEQLEKALDCQIYGACYSIEPLDLPQIIQRLHGLSAFSLHSYSPGEINRVASCLRKLGVPPLRVWRHRARSVRARLLSQGGRAATCGKYLFNWAVRTKLKLTPIPAASQLDLSSWFVAGYSGGDIYHSLSRARPRWFMWCLLLLSVGVGIYLLPNR,"SUBCELLULAR LOCATION: [Core protein precursor]: Host endoplasmic reticulum membrane {ECO:0000250|UniProtKB:P26664}; Single-pass membrane protein {ECO:0000255}. Host mitochondrion membrane {ECO:0000250|UniProtKB:P26664}; Single-pass type I membrane protein {ECO:0000255}. Note=The C-terminal transmembrane domain of the core protein precursor contains an ER signal leading the nascent polyprotein to the ER membrane.; SUBCELLULAR LOCATION: [Mature core protein]: Virion {ECO:0000250|UniProtKB:Q99IB8}. Host cytoplasm {ECO:0000250|UniProtKB:P27958}. Host nucleus {ECO:0000250|UniProtKB:P26662}. Host lipid droplet {ECO:0000250|UniProtKB:P27958}. Note=Only a minor proportion of core protein is present in the nucleus (By similarity). Probably present on the surface of lipid droplets (By similarity). {ECO:0000250|UniProtKB:P27958}.; SUBCELLULAR LOCATION: [Envelope glycoprotein E1]: Virion membrane {ECO:0000305}; Single-pass type I membrane protein {ECO:0000305}. Host endoplasmic reticulum membrane; Single-pass type I membrane protein {ECO:0000250|UniProtKB:P27958}. Note=The C-terminal transmembrane domain acts as a signal sequence and forms a hairpin structure before cleavage by host signal peptidase (By similarity). After cleavage, the membrane sequence is retained at the C-terminus of the protein, serving as ER membrane anchor (By similarity). A reorientation of the second hydrophobic stretch occurs after cleavage producing a single reoriented transmembrane domain (By similarity). These events explain the final topology of the protein (By similarity). {ECO:0000250|UniProtKB:P27958}.; SUBCELLULAR LOCATION: [Envelope glycoprotein E2]: Virion membrane {ECO:0000305}; Single-pass type I membrane protein {ECO:0000305}. Host endoplasmic reticulum membrane; Single-pass type I membrane protein {ECO:0000250|UniProtKB:P27958}. Host lipid droplet {ECO:0000269|PubMed:21187906}. Note=The C-terminal transmembrane domain acts as a signal sequence and forms a hairpin structure before cleavage by host signal peptidase (By similarity). After cleavage, the membrane sequence is retained at the C-terminus of the protein, serving as ER membrane anchor (By similarity). A reorientation of the second hydrophobic stretch occurs after cleavage producing a single reoriented transmembrane domain (By similarity). These events explain the final topology of the protein (By similarity). {ECO:0000250|UniProtKB:P27958}.; SUBCELLULAR LOCATION: [Viroporin p7]: Host endoplasmic reticulum membrane {ECO:0000250|UniProtKB:P27958}; Multi-pass membrane protein {ECO:0000250|UniProtKB:P27958}. Host mitochondrion {ECO:0000250|UniProtKB:P27958}. Host cell membrane {ECO:0000250|UniProtKB:P27958}. Note=The C-terminus of p7 membrane domain acts as a signal sequence (By similarity). After cleavage by host signal peptidase, the membrane sequence is retained at the C-terminus of the protein, serving as ER membrane anchor (By similarity). ER retention of p7 is leaky and a small fraction reaches the plasma membrane (By similarity). {ECO:0000250|UniProtKB:P27958}.; SUBCELLULAR LOCATION: [Protease NS2]: Host endoplasmic reticulum membrane {ECO:0000250|UniProtKB:P27958}; Multi-pass membrane protein {ECO:0000250|UniProtKB:P27958}. Host lipid droplet {ECO:0000269|PubMed:21187906}. Note=Probably present on the surface of lipid droplets. {ECO:0000250|UniProtKB:Q99IB8}.; SUBCELLULAR LOCATION: [Serine protease/helicase NS3]: Host endoplasmic reticulum membrane {ECO:0000305}; Peripheral membrane protein {ECO:0000305}. Note=NS3 is associated to the ER membrane through its binding to NS4A. {ECO:0000305}.; SUBCELLULAR LOCATION: [Non-structural protein 4A]: Host endoplasmic reticulum membrane {ECO:0000305}; Single-pass type I membrane protein {ECO:0000305}. Note=Host membrane insertion occurs after processing by the NS3 protease.; SUBCELLULAR LOCATION: [Non-structural protein 4B]: Host endoplasmic reticulum membrane {ECO:0000250|UniProtKB:P27958}; Multi-pass membrane protein {ECO:0000250|UniProtKB:P27958}. Note=A reorientation of the N-terminus into the ER lumen occurs post-translationally. {ECO:0000250|UniProtKB:P27958}.; SUBCELLULAR LOCATION: [Non-structural protein 5A]: Host endoplasmic reticulum membrane {ECO:0000250|UniProtKB:P27958}; Peripheral membrane protein {ECO:0000250|UniProtKB:P27958}. Host cytoplasm, host perinuclear region {ECO:0000250|UniProtKB:P27958}. Host mitochondrion {ECO:0000250|UniProtKB:P26662}. Host cytoplasm {ECO:0000250|UniProtKB:P27958}. Host nucleus {ECO:0000250|UniProtKB:P26662}. Host lipid droplet {ECO:0000269|PubMed:21187906}. Note=Host membrane insertion occurs after processing by the NS3 protease (By similarity). Localizes at the surface of lipid droplets (By similarity). {ECO:0000250|UniProtKB:P26662, ECO:0000250|UniProtKB:P27958}.; SUBCELLULAR LOCATION: [RNA-directed RNA polymerase]: Host cytoplasm {ECO:0000250|UniProtKB:P27958}. Host endoplasmic reticulum membrane; Single-pass type IV membrane protein {ECO:0000250|UniProtKB:P27958}. Note=Host membrane insertion occurs after processing by the NS3 protease. {ECO:0000250|UniProtKB:P27958}.","TOPO_DOM 2..168; /note=""Cytoplasmic""; /evidence=""ECO:0000255""; TOPO_DOM 190..358; /note=""Lumenal""; /evidence=""ECO:0000250|UniProtKB:P27958""; TOPO_DOM 380..725; /note=""Lumenal""; /evidence=""ECO:0000250|UniProtKB:P27958""; TOPO_DOM 747..757; /note=""Lumenal""; /evidence=""ECO:0000250|UniProtKB:P27958""; TOPO_DOM 779..781; /note=""Cytoplasmic""; /evidence=""ECO:0000250|UniProtKB:P27958""; TOPO_DOM 804..813; /note=""Lumenal""; /evidence=""ECO:0000250|UniProtKB:P27958""; TOPO_DOM 835..838; /note=""Cytoplasmic""; /evidence=""ECO:0000269|PubMed:21187906""; TOPO_DOM 860..881; /note=""Lumenal""; /evidence=""ECO:0000269|PubMed:21187906""; TOPO_DOM 903..1657; /note=""Cytoplasmic""; /evidence=""ECO:0000269|PubMed:21187906""; TOPO_DOM 1679..1805; /note=""Cytoplasmic""; /evidence=""ECO:0000255""; TOPO_DOM 1827..1828; /note=""Lumenal""; /evidence=""ECO:0000255""; TOPO_DOM 1850; /note=""Cytoplasmic""; /evidence=""ECO:0000255""; TOPO_DOM 1872..1881; /note=""Lumenal""; /evidence=""ECO:0000255""; TOPO_DOM 1903..1972; /note=""Cytoplasmic""; /evidence=""ECO:0000255""; TOPO_DOM 2004..2989; /note=""Cytoplasmic""; /evidence=""ECO:0000250|UniProtKB:P27958""","TRANSMEM 169..189; /note=""Helical""; /evidence=""ECO:0000255""; TRANSMEM 359..379; /note=""Helical""; /evidence=""ECO:0000250|UniProtKB:P27958""; TRANSMEM 726..746; /note=""Helical""; /evidence=""ECO:0000250|UniProtKB:P27958""; TRANSMEM 758..778; /note=""Helical""; /evidence=""ECO:0000250|UniProtKB:P27958""; TRANSMEM 782..803; /note=""Helical""; /evidence=""ECO:0000250|UniProtKB:P27958""; TRANSMEM 814..834; /note=""Helical""; /evidence=""ECO:0000269|PubMed:21187906""; TRANSMEM 839..859; /note=""Helical""; /evidence=""ECO:0000269|PubMed:21187906""; TRANSMEM 882..902; /note=""Helical""; /evidence=""ECO:0000269|PubMed:21187906""; TRANSMEM 1658..1678; /note=""Helical""; /evidence=""ECO:0000255""; TRANSMEM 1806..1826; /note=""Helical""; /evidence=""ECO:0000255""; TRANSMEM 1829..1849; /note=""Helical""; /evidence=""ECO:0000255""; TRANSMEM 1851..1871; /note=""Helical""; /evidence=""ECO:0000255""; TRANSMEM 1882..1902; /note=""Helical""; /evidence=""ECO:0000255""; TRANSMEM 2990..3010; /note=""Helical""; /evidence=""ECO:0000250|UniProtKB:P27958""","LIPID 922; /note=""S-palmitoyl cysteine; by host""; /evidence=""ECO:0000250|UniProtKB:P27958""; LIPID 1968; /note=""S-palmitoyl cysteine; by host""; /evidence=""ECO:0000250|UniProtKB:P27958""; LIPID 1972; /note=""S-palmitoyl cysteine; by host""; /evidence=""ECO:0000250|UniProtKB:P27958"""